CASE	ADMIT	GENDER	DEPT
1	admitted	male	a
2	admitted	male	a
3	admitted	male	a
4	admitted	male	a
5	admitted	male	a
6	admitted	male	a
7	admitted	male	a
8	admitted	male	a
9	admitted	male	a
10	admitted	male	a
11	admitted	male	a
12	admitted	male	a
13	admitted	male	a
14	admitted	male	a
15	admitted	male	a
16	admitted	male	a
17	admitted	male	a
18	admitted	male	a
19	admitted	male	a
20	admitted	male	a
21	admitted	male	a
22	admitted	male	a
23	admitted	male	a
24	admitted	male	a
25	admitted	male	a
26	admitted	male	a
27	admitted	male	a
28	admitted	male	a
29	admitted	male	a
30	admitted	male	a
31	admitted	male	a
32	admitted	male	a
33	admitted	male	a
34	admitted	male	a
35	admitted	male	a
36	admitted	male	a
37	admitted	male	a
38	admitted	male	a
39	admitted	male	a
40	admitted	male	a
41	admitted	male	a
42	admitted	male	a
43	admitted	male	a
44	admitted	male	a
45	admitted	male	a
46	admitted	male	a
47	admitted	male	a
48	admitted	male	a
49	admitted	male	a
50	admitted	male	a
51	admitted	male	a
52	admitted	male	a
53	admitted	male	a
54	admitted	male	a
55	admitted	male	a
56	admitted	male	a
57	admitted	male	a
58	admitted	male	a
59	admitted	male	a
60	admitted	male	a
61	admitted	male	a
62	admitted	male	a
63	admitted	male	a
64	admitted	male	a
65	admitted	male	a
66	admitted	male	a
67	admitted	male	a
68	admitted	male	a
69	admitted	male	a
70	admitted	male	a
71	admitted	male	a
72	admitted	male	a
73	admitted	male	a
74	admitted	male	a
75	admitted	male	a
76	admitted	male	a
77	admitted	male	a
78	admitted	male	a
79	admitted	male	a
80	admitted	male	a
81	admitted	male	a
82	admitted	male	a
83	admitted	male	a
84	admitted	male	a
85	admitted	male	a
86	admitted	male	a
87	admitted	male	a
88	admitted	male	a
89	admitted	male	a
90	admitted	male	a
91	admitted	male	a
92	admitted	male	a
93	admitted	male	a
94	admitted	male	a
95	admitted	male	a
96	admitted	male	a
97	admitted	male	a
98	admitted	male	a
99	admitted	male	a
100	admitted	male	a
101	admitted	male	a
102	admitted	male	a
103	admitted	male	a
104	admitted	male	a
105	admitted	male	a
106	admitted	male	a
107	admitted	male	a
108	admitted	male	a
109	admitted	male	a
110	admitted	male	a
111	admitted	male	a
112	admitted	male	a
113	admitted	male	a
114	admitted	male	a
115	admitted	male	a
116	admitted	male	a
117	admitted	male	a
118	admitted	male	a
119	admitted	male	a
120	admitted	male	a
121	admitted	male	a
122	admitted	male	a
123	admitted	male	a
124	admitted	male	a
125	admitted	male	a
126	admitted	male	a
127	admitted	male	a
128	admitted	male	a
129	admitted	male	a
130	admitted	male	a
131	admitted	male	a
132	admitted	male	a
133	admitted	male	a
134	admitted	male	a
135	admitted	male	a
136	admitted	male	a
137	admitted	male	a
138	admitted	male	a
139	admitted	male	a
140	admitted	male	a
141	admitted	male	a
142	admitted	male	a
143	admitted	male	a
144	admitted	male	a
145	admitted	male	a
146	admitted	male	a
147	admitted	male	a
148	admitted	male	a
149	admitted	male	a
150	admitted	male	a
151	admitted	male	a
152	admitted	male	a
153	admitted	male	a
154	admitted	male	a
155	admitted	male	a
156	admitted	male	a
157	admitted	male	a
158	admitted	male	a
159	admitted	male	a
160	admitted	male	a
161	admitted	male	a
162	admitted	male	a
163	admitted	male	a
164	admitted	male	a
165	admitted	male	a
166	admitted	male	a
167	admitted	male	a
168	admitted	male	a
169	admitted	male	a
170	admitted	male	a
171	admitted	male	a
172	admitted	male	a
173	admitted	male	a
174	admitted	male	a
175	admitted	male	a
176	admitted	male	a
177	admitted	male	a
178	admitted	male	a
179	admitted	male	a
180	admitted	male	a
181	admitted	male	a
182	admitted	male	a
183	admitted	male	a
184	admitted	male	a
185	admitted	male	a
186	admitted	male	a
187	admitted	male	a
188	admitted	male	a
189	admitted	male	a
190	admitted	male	a
191	admitted	male	a
192	admitted	male	a
193	admitted	male	a
194	admitted	male	a
195	admitted	male	a
196	admitted	male	a
197	admitted	male	a
198	admitted	male	a
199	admitted	male	a
200	admitted	male	a
201	admitted	male	a
202	admitted	male	a
203	admitted	male	a
204	admitted	male	a
205	admitted	male	a
206	admitted	male	a
207	admitted	male	a
208	admitted	male	a
209	admitted	male	a
210	admitted	male	a
211	admitted	male	a
212	admitted	male	a
213	admitted	male	a
214	admitted	male	a
215	admitted	male	a
216	admitted	male	a
217	admitted	male	a
218	admitted	male	a
219	admitted	male	a
220	admitted	male	a
221	admitted	male	a
222	admitted	male	a
223	admitted	male	a
224	admitted	male	a
225	admitted	male	a
226	admitted	male	a
227	admitted	male	a
228	admitted	male	a
229	admitted	male	a
230	admitted	male	a
231	admitted	male	a
232	admitted	male	a
233	admitted	male	a
234	admitted	male	a
235	admitted	male	a
236	admitted	male	a
237	admitted	male	a
238	admitted	male	a
239	admitted	male	a
240	admitted	male	a
241	admitted	male	a
242	admitted	male	a
243	admitted	male	a
244	admitted	male	a
245	admitted	male	a
246	admitted	male	a
247	admitted	male	a
248	admitted	male	a
249	admitted	male	a
250	admitted	male	a
251	admitted	male	a
252	admitted	male	a
253	admitted	male	a
254	admitted	male	a
255	admitted	male	a
256	admitted	male	a
257	admitted	male	a
258	admitted	male	a
259	admitted	male	a
260	admitted	male	a
261	admitted	male	a
262	admitted	male	a
263	admitted	male	a
264	admitted	male	a
265	admitted	male	a
266	admitted	male	a
267	admitted	male	a
268	admitted	male	a
269	admitted	male	a
270	admitted	male	a
271	admitted	male	a
272	admitted	male	a
273	admitted	male	a
274	admitted	male	a
275	admitted	male	a
276	admitted	male	a
277	admitted	male	a
278	admitted	male	a
279	admitted	male	a
280	admitted	male	a
281	admitted	male	a
282	admitted	male	a
283	admitted	male	a
284	admitted	male	a
285	admitted	male	a
286	admitted	male	a
287	admitted	male	a
288	admitted	male	a
289	admitted	male	a
290	admitted	male	a
291	admitted	male	a
292	admitted	male	a
293	admitted	male	a
294	admitted	male	a
295	admitted	male	a
296	admitted	male	a
297	admitted	male	a
298	admitted	male	a
299	admitted	male	a
300	admitted	male	a
301	admitted	male	a
302	admitted	male	a
303	admitted	male	a
304	admitted	male	a
305	admitted	male	a
306	admitted	male	a
307	admitted	male	a
308	admitted	male	a
309	admitted	male	a
310	admitted	male	a
311	admitted	male	a
312	admitted	male	a
313	admitted	male	a
314	admitted	male	a
315	admitted	male	a
316	admitted	male	a
317	admitted	male	a
318	admitted	male	a
319	admitted	male	a
320	admitted	male	a
321	admitted	male	a
322	admitted	male	a
323	admitted	male	a
324	admitted	male	a
325	admitted	male	a
326	admitted	male	a
327	admitted	male	a
328	admitted	male	a
329	admitted	male	a
330	admitted	male	a
331	admitted	male	a
332	admitted	male	a
333	admitted	male	a
334	admitted	male	a
335	admitted	male	a
336	admitted	male	a
337	admitted	male	a
338	admitted	male	a
339	admitted	male	a
340	admitted	male	a
341	admitted	male	a
342	admitted	male	a
343	admitted	male	a
344	admitted	male	a
345	admitted	male	a
346	admitted	male	a
347	admitted	male	a
348	admitted	male	a
349	admitted	male	a
350	admitted	male	a
351	admitted	male	a
352	admitted	male	a
353	admitted	male	a
354	admitted	male	a
355	admitted	male	a
356	admitted	male	a
357	admitted	male	a
358	admitted	male	a
359	admitted	male	a
360	admitted	male	a
361	admitted	male	a
362	admitted	male	a
363	admitted	male	a
364	admitted	male	a
365	admitted	male	a
366	admitted	male	a
367	admitted	male	a
368	admitted	male	a
369	admitted	male	a
370	admitted	male	a
371	admitted	male	a
372	admitted	male	a
373	admitted	male	a
374	admitted	male	a
375	admitted	male	a
376	admitted	male	a
377	admitted	male	a
378	admitted	male	a
379	admitted	male	a
380	admitted	male	a
381	admitted	male	a
382	admitted	male	a
383	admitted	male	a
384	admitted	male	a
385	admitted	male	a
386	admitted	male	a
387	admitted	male	a
388	admitted	male	a
389	admitted	male	a
390	admitted	male	a
391	admitted	male	a
392	admitted	male	a
393	admitted	male	a
394	admitted	male	a
395	admitted	male	a
396	admitted	male	a
397	admitted	male	a
398	admitted	male	a
399	admitted	male	a
400	admitted	male	a
401	admitted	male	a
402	admitted	male	a
403	admitted	male	a
404	admitted	male	a
405	admitted	male	a
406	admitted	male	a
407	admitted	male	a
408	admitted	male	a
409	admitted	male	a
410	admitted	male	a
411	admitted	male	a
412	admitted	male	a
413	admitted	male	a
414	admitted	male	a
415	admitted	male	a
416	admitted	male	a
417	admitted	male	a
418	admitted	male	a
419	admitted	male	a
420	admitted	male	a
421	admitted	male	a
422	admitted	male	a
423	admitted	male	a
424	admitted	male	a
425	admitted	male	a
426	admitted	male	a
427	admitted	male	a
428	admitted	male	a
429	admitted	male	a
430	admitted	male	a
431	admitted	male	a
432	admitted	male	a
433	admitted	male	a
434	admitted	male	a
435	admitted	male	a
436	admitted	male	a
437	admitted	male	a
438	admitted	male	a
439	admitted	male	a
440	admitted	male	a
441	admitted	male	a
442	admitted	male	a
443	admitted	male	a
444	admitted	male	a
445	admitted	male	a
446	admitted	male	a
447	admitted	male	a
448	admitted	male	a
449	admitted	male	a
450	admitted	male	a
451	admitted	male	a
452	admitted	male	a
453	admitted	male	a
454	admitted	male	a
455	admitted	male	a
456	admitted	male	a
457	admitted	male	a
458	admitted	male	a
459	admitted	male	a
460	admitted	male	a
461	admitted	male	a
462	admitted	male	a
463	admitted	male	a
464	admitted	male	a
465	admitted	male	a
466	admitted	male	a
467	admitted	male	a
468	admitted	male	a
469	admitted	male	a
470	admitted	male	a
471	admitted	male	a
472	admitted	male	a
473	admitted	male	a
474	admitted	male	a
475	admitted	male	a
476	admitted	male	a
477	admitted	male	a
478	admitted	male	a
479	admitted	male	a
480	admitted	male	a
481	admitted	male	a
482	admitted	male	a
483	admitted	male	a
484	admitted	male	a
485	admitted	male	a
486	admitted	male	a
487	admitted	male	a
488	admitted	male	a
489	admitted	male	a
490	admitted	male	a
491	admitted	male	a
492	admitted	male	a
493	admitted	male	a
494	admitted	male	a
495	admitted	male	a
496	admitted	male	a
497	admitted	male	a
498	admitted	male	a
499	admitted	male	a
500	admitted	male	a
501	admitted	male	a
502	admitted	male	a
503	admitted	male	a
504	admitted	male	a
505	admitted	male	a
506	admitted	male	a
507	admitted	male	a
508	admitted	male	a
509	admitted	male	a
510	admitted	male	a
511	admitted	male	a
512	admitted	male	a
513	rejected	male	a
514	rejected	male	a
515	rejected	male	a
516	rejected	male	a
517	rejected	male	a
518	rejected	male	a
519	rejected	male	a
520	rejected	male	a
521	rejected	male	a
522	rejected	male	a
523	rejected	male	a
524	rejected	male	a
525	rejected	male	a
526	rejected	male	a
527	rejected	male	a
528	rejected	male	a
529	rejected	male	a
530	rejected	male	a
531	rejected	male	a
532	rejected	male	a
533	rejected	male	a
534	rejected	male	a
535	rejected	male	a
536	rejected	male	a
537	rejected	male	a
538	rejected	male	a
539	rejected	male	a
540	rejected	male	a
541	rejected	male	a
542	rejected	male	a
543	rejected	male	a
544	rejected	male	a
545	rejected	male	a
546	rejected	male	a
547	rejected	male	a
548	rejected	male	a
549	rejected	male	a
550	rejected	male	a
551	rejected	male	a
552	rejected	male	a
553	rejected	male	a
554	rejected	male	a
555	rejected	male	a
556	rejected	male	a
557	rejected	male	a
558	rejected	male	a
559	rejected	male	a
560	rejected	male	a
561	rejected	male	a
562	rejected	male	a
563	rejected	male	a
564	rejected	male	a
565	rejected	male	a
566	rejected	male	a
567	rejected	male	a
568	rejected	male	a
569	rejected	male	a
570	rejected	male	a
571	rejected	male	a
572	rejected	male	a
573	rejected	male	a
574	rejected	male	a
575	rejected	male	a
576	rejected	male	a
577	rejected	male	a
578	rejected	male	a
579	rejected	male	a
580	rejected	male	a
581	rejected	male	a
582	rejected	male	a
583	rejected	male	a
584	rejected	male	a
585	rejected	male	a
586	rejected	male	a
587	rejected	male	a
588	rejected	male	a
589	rejected	male	a
590	rejected	male	a
591	rejected	male	a
592	rejected	male	a
593	rejected	male	a
594	rejected	male	a
595	rejected	male	a
596	rejected	male	a
597	rejected	male	a
598	rejected	male	a
599	rejected	male	a
600	rejected	male	a
601	rejected	male	a
602	rejected	male	a
603	rejected	male	a
604	rejected	male	a
605	rejected	male	a
606	rejected	male	a
607	rejected	male	a
608	rejected	male	a
609	rejected	male	a
610	rejected	male	a
611	rejected	male	a
612	rejected	male	a
613	rejected	male	a
614	rejected	male	a
615	rejected	male	a
616	rejected	male	a
617	rejected	male	a
618	rejected	male	a
619	rejected	male	a
620	rejected	male	a
621	rejected	male	a
622	rejected	male	a
623	rejected	male	a
624	rejected	male	a
625	rejected	male	a
626	rejected	male	a
627	rejected	male	a
628	rejected	male	a
629	rejected	male	a
630	rejected	male	a
631	rejected	male	a
632	rejected	male	a
633	rejected	male	a
634	rejected	male	a
635	rejected	male	a
636	rejected	male	a
637	rejected	male	a
638	rejected	male	a
639	rejected	male	a
640	rejected	male	a
641	rejected	male	a
642	rejected	male	a
643	rejected	male	a
644	rejected	male	a
645	rejected	male	a
646	rejected	male	a
647	rejected	male	a
648	rejected	male	a
649	rejected	male	a
650	rejected	male	a
651	rejected	male	a
652	rejected	male	a
653	rejected	male	a
654	rejected	male	a
655	rejected	male	a
656	rejected	male	a
657	rejected	male	a
658	rejected	male	a
659	rejected	male	a
660	rejected	male	a
661	rejected	male	a
662	rejected	male	a
663	rejected	male	a
664	rejected	male	a
665	rejected	male	a
666	rejected	male	a
667	rejected	male	a
668	rejected	male	a
669	rejected	male	a
670	rejected	male	a
671	rejected	male	a
672	rejected	male	a
673	rejected	male	a
674	rejected	male	a
675	rejected	male	a
676	rejected	male	a
677	rejected	male	a
678	rejected	male	a
679	rejected	male	a
680	rejected	male	a
681	rejected	male	a
682	rejected	male	a
683	rejected	male	a
684	rejected	male	a
685	rejected	male	a
686	rejected	male	a
687	rejected	male	a
688	rejected	male	a
689	rejected	male	a
690	rejected	male	a
691	rejected	male	a
692	rejected	male	a
693	rejected	male	a
694	rejected	male	a
695	rejected	male	a
696	rejected	male	a
697	rejected	male	a
698	rejected	male	a
699	rejected	male	a
700	rejected	male	a
701	rejected	male	a
702	rejected	male	a
703	rejected	male	a
704	rejected	male	a
705	rejected	male	a
706	rejected	male	a
707	rejected	male	a
708	rejected	male	a
709	rejected	male	a
710	rejected	male	a
711	rejected	male	a
712	rejected	male	a
713	rejected	male	a
714	rejected	male	a
715	rejected	male	a
716	rejected	male	a
717	rejected	male	a
718	rejected	male	a
719	rejected	male	a
720	rejected	male	a
721	rejected	male	a
722	rejected	male	a
723	rejected	male	a
724	rejected	male	a
725	rejected	male	a
726	rejected	male	a
727	rejected	male	a
728	rejected	male	a
729	rejected	male	a
730	rejected	male	a
731	rejected	male	a
732	rejected	male	a
733	rejected	male	a
734	rejected	male	a
735	rejected	male	a
736	rejected	male	a
737	rejected	male	a
738	rejected	male	a
739	rejected	male	a
740	rejected	male	a
741	rejected	male	a
742	rejected	male	a
743	rejected	male	a
744	rejected	male	a
745	rejected	male	a
746	rejected	male	a
747	rejected	male	a
748	rejected	male	a
749	rejected	male	a
750	rejected	male	a
751	rejected	male	a
752	rejected	male	a
753	rejected	male	a
754	rejected	male	a
755	rejected	male	a
756	rejected	male	a
757	rejected	male	a
758	rejected	male	a
759	rejected	male	a
760	rejected	male	a
761	rejected	male	a
762	rejected	male	a
763	rejected	male	a
764	rejected	male	a
765	rejected	male	a
766	rejected	male	a
767	rejected	male	a
768	rejected	male	a
769	rejected	male	a
770	rejected	male	a
771	rejected	male	a
772	rejected	male	a
773	rejected	male	a
774	rejected	male	a
775	rejected	male	a
776	rejected	male	a
777	rejected	male	a
778	rejected	male	a
779	rejected	male	a
780	rejected	male	a
781	rejected	male	a
782	rejected	male	a
783	rejected	male	a
784	rejected	male	a
785	rejected	male	a
786	rejected	male	a
787	rejected	male	a
788	rejected	male	a
789	rejected	male	a
790	rejected	male	a
791	rejected	male	a
792	rejected	male	a
793	rejected	male	a
794	rejected	male	a
795	rejected	male	a
796	rejected	male	a
797	rejected	male	a
798	rejected	male	a
799	rejected	male	a
800	rejected	male	a
801	rejected	male	a
802	rejected	male	a
803	rejected	male	a
804	rejected	male	a
805	rejected	male	a
806	rejected	male	a
807	rejected	male	a
808	rejected	male	a
809	rejected	male	a
810	rejected	male	a
811	rejected	male	a
812	rejected	male	a
813	rejected	male	a
814	rejected	male	a
815	rejected	male	a
816	rejected	male	a
817	rejected	male	a
818	rejected	male	a
819	rejected	male	a
820	rejected	male	a
821	rejected	male	a
822	rejected	male	a
823	rejected	male	a
824	rejected	male	a
825	rejected	male	a
826	admitted	female	a
827	admitted	female	a
828	admitted	female	a
829	admitted	female	a
830	admitted	female	a
831	admitted	female	a
832	admitted	female	a
833	admitted	female	a
834	admitted	female	a
835	admitted	female	a
836	admitted	female	a
837	admitted	female	a
838	admitted	female	a
839	admitted	female	a
840	admitted	female	a
841	admitted	female	a
842	admitted	female	a
843	admitted	female	a
844	admitted	female	a
845	admitted	female	a
846	admitted	female	a
847	admitted	female	a
848	admitted	female	a
849	admitted	female	a
850	admitted	female	a
851	admitted	female	a
852	admitted	female	a
853	admitted	female	a
854	admitted	female	a
855	admitted	female	a
856	admitted	female	a
857	admitted	female	a
858	admitted	female	a
859	admitted	female	a
860	admitted	female	a
861	admitted	female	a
862	admitted	female	a
863	admitted	female	a
864	admitted	female	a
865	admitted	female	a
866	admitted	female	a
867	admitted	female	a
868	admitted	female	a
869	admitted	female	a
870	admitted	female	a
871	admitted	female	a
872	admitted	female	a
873	admitted	female	a
874	admitted	female	a
875	admitted	female	a
876	admitted	female	a
877	admitted	female	a
878	admitted	female	a
879	admitted	female	a
880	admitted	female	a
881	admitted	female	a
882	admitted	female	a
883	admitted	female	a
884	admitted	female	a
885	admitted	female	a
886	admitted	female	a
887	admitted	female	a
888	admitted	female	a
889	admitted	female	a
890	admitted	female	a
891	admitted	female	a
892	admitted	female	a
893	admitted	female	a
894	admitted	female	a
895	admitted	female	a
896	admitted	female	a
897	admitted	female	a
898	admitted	female	a
899	admitted	female	a
900	admitted	female	a
901	admitted	female	a
902	admitted	female	a
903	admitted	female	a
904	admitted	female	a
905	admitted	female	a
906	admitted	female	a
907	admitted	female	a
908	admitted	female	a
909	admitted	female	a
910	admitted	female	a
911	admitted	female	a
912	admitted	female	a
913	admitted	female	a
914	admitted	female	a
915	rejected	female	a
916	rejected	female	a
917	rejected	female	a
918	rejected	female	a
919	rejected	female	a
920	rejected	female	a
921	rejected	female	a
922	rejected	female	a
923	rejected	female	a
924	rejected	female	a
925	rejected	female	a
926	rejected	female	a
927	rejected	female	a
928	rejected	female	a
929	rejected	female	a
930	rejected	female	a
931	rejected	female	a
932	rejected	female	a
933	rejected	female	a
934	admitted	male	b
935	admitted	male	b
936	admitted	male	b
937	admitted	male	b
938	admitted	male	b
939	admitted	male	b
940	admitted	male	b
941	admitted	male	b
942	admitted	male	b
943	admitted	male	b
944	admitted	male	b
945	admitted	male	b
946	admitted	male	b
947	admitted	male	b
948	admitted	male	b
949	admitted	male	b
950	admitted	male	b
951	admitted	male	b
952	admitted	male	b
953	admitted	male	b
954	admitted	male	b
955	admitted	male	b
956	admitted	male	b
957	admitted	male	b
958	admitted	male	b
959	admitted	male	b
960	admitted	male	b
961	admitted	male	b
962	admitted	male	b
963	admitted	male	b
964	admitted	male	b
965	admitted	male	b
966	admitted	male	b
967	admitted	male	b
968	admitted	male	b
969	admitted	male	b
970	admitted	male	b
971	admitted	male	b
972	admitted	male	b
973	admitted	male	b
974	admitted	male	b
975	admitted	male	b
976	admitted	male	b
977	admitted	male	b
978	admitted	male	b
979	admitted	male	b
980	admitted	male	b
981	admitted	male	b
982	admitted	male	b
983	admitted	male	b
984	admitted	male	b
985	admitted	male	b
986	admitted	male	b
987	admitted	male	b
988	admitted	male	b
989	admitted	male	b
990	admitted	male	b
991	admitted	male	b
992	admitted	male	b
993	admitted	male	b
994	admitted	male	b
995	admitted	male	b
996	admitted	male	b
997	admitted	male	b
998	admitted	male	b
999	admitted	male	b
1000	admitted	male	b
1001	admitted	male	b
1002	admitted	male	b
1003	admitted	male	b
1004	admitted	male	b
1005	admitted	male	b
1006	admitted	male	b
1007	admitted	male	b
1008	admitted	male	b
1009	admitted	male	b
1010	admitted	male	b
1011	admitted	male	b
1012	admitted	male	b
1013	admitted	male	b
1014	admitted	male	b
1015	admitted	male	b
1016	admitted	male	b
1017	admitted	male	b
1018	admitted	male	b
1019	admitted	male	b
1020	admitted	male	b
1021	admitted	male	b
1022	admitted	male	b
1023	admitted	male	b
1024	admitted	male	b
1025	admitted	male	b
1026	admitted	male	b
1027	admitted	male	b
1028	admitted	male	b
1029	admitted	male	b
1030	admitted	male	b
1031	admitted	male	b
1032	admitted	male	b
1033	admitted	male	b
1034	admitted	male	b
1035	admitted	male	b
1036	admitted	male	b
1037	admitted	male	b
1038	admitted	male	b
1039	admitted	male	b
1040	admitted	male	b
1041	admitted	male	b
1042	admitted	male	b
1043	admitted	male	b
1044	admitted	male	b
1045	admitted	male	b
1046	admitted	male	b
1047	admitted	male	b
1048	admitted	male	b
1049	admitted	male	b
1050	admitted	male	b
1051	admitted	male	b
1052	admitted	male	b
1053	admitted	male	b
1054	admitted	male	b
1055	admitted	male	b
1056	admitted	male	b
1057	admitted	male	b
1058	admitted	male	b
1059	admitted	male	b
1060	admitted	male	b
1061	admitted	male	b
1062	admitted	male	b
1063	admitted	male	b
1064	admitted	male	b
1065	admitted	male	b
1066	admitted	male	b
1067	admitted	male	b
1068	admitted	male	b
1069	admitted	male	b
1070	admitted	male	b
1071	admitted	male	b
1072	admitted	male	b
1073	admitted	male	b
1074	admitted	male	b
1075	admitted	male	b
1076	admitted	male	b
1077	admitted	male	b
1078	admitted	male	b
1079	admitted	male	b
1080	admitted	male	b
1081	admitted	male	b
1082	admitted	male	b
1083	admitted	male	b
1084	admitted	male	b
1085	admitted	male	b
1086	admitted	male	b
1087	admitted	male	b
1088	admitted	male	b
1089	admitted	male	b
1090	admitted	male	b
1091	admitted	male	b
1092	admitted	male	b
1093	admitted	male	b
1094	admitted	male	b
1095	admitted	male	b
1096	admitted	male	b
1097	admitted	male	b
1098	admitted	male	b
1099	admitted	male	b
1100	admitted	male	b
1101	admitted	male	b
1102	admitted	male	b
1103	admitted	male	b
1104	admitted	male	b
1105	admitted	male	b
1106	admitted	male	b
1107	admitted	male	b
1108	admitted	male	b
1109	admitted	male	b
1110	admitted	male	b
1111	admitted	male	b
1112	admitted	male	b
1113	admitted	male	b
1114	admitted	male	b
1115	admitted	male	b
1116	admitted	male	b
1117	admitted	male	b
1118	admitted	male	b
1119	admitted	male	b
1120	admitted	male	b
1121	admitted	male	b
1122	admitted	male	b
1123	admitted	male	b
1124	admitted	male	b
1125	admitted	male	b
1126	admitted	male	b
1127	admitted	male	b
1128	admitted	male	b
1129	admitted	male	b
1130	admitted	male	b
1131	admitted	male	b
1132	admitted	male	b
1133	admitted	male	b
1134	admitted	male	b
1135	admitted	male	b
1136	admitted	male	b
1137	admitted	male	b
1138	admitted	male	b
1139	admitted	male	b
1140	admitted	male	b
1141	admitted	male	b
1142	admitted	male	b
1143	admitted	male	b
1144	admitted	male	b
1145	admitted	male	b
1146	admitted	male	b
1147	admitted	male	b
1148	admitted	male	b
1149	admitted	male	b
1150	admitted	male	b
1151	admitted	male	b
1152	admitted	male	b
1153	admitted	male	b
1154	admitted	male	b
1155	admitted	male	b
1156	admitted	male	b
1157	admitted	male	b
1158	admitted	male	b
1159	admitted	male	b
1160	admitted	male	b
1161	admitted	male	b
1162	admitted	male	b
1163	admitted	male	b
1164	admitted	male	b
1165	admitted	male	b
1166	admitted	male	b
1167	admitted	male	b
1168	admitted	male	b
1169	admitted	male	b
1170	admitted	male	b
1171	admitted	male	b
1172	admitted	male	b
1173	admitted	male	b
1174	admitted	male	b
1175	admitted	male	b
1176	admitted	male	b
1177	admitted	male	b
1178	admitted	male	b
1179	admitted	male	b
1180	admitted	male	b
1181	admitted	male	b
1182	admitted	male	b
1183	admitted	male	b
1184	admitted	male	b
1185	admitted	male	b
1186	admitted	male	b
1187	admitted	male	b
1188	admitted	male	b
1189	admitted	male	b
1190	admitted	male	b
1191	admitted	male	b
1192	admitted	male	b
1193	admitted	male	b
1194	admitted	male	b
1195	admitted	male	b
1196	admitted	male	b
1197	admitted	male	b
1198	admitted	male	b
1199	admitted	male	b
1200	admitted	male	b
1201	admitted	male	b
1202	admitted	male	b
1203	admitted	male	b
1204	admitted	male	b
1205	admitted	male	b
1206	admitted	male	b
1207	admitted	male	b
1208	admitted	male	b
1209	admitted	male	b
1210	admitted	male	b
1211	admitted	male	b
1212	admitted	male	b
1213	admitted	male	b
1214	admitted	male	b
1215	admitted	male	b
1216	admitted	male	b
1217	admitted	male	b
1218	admitted	male	b
1219	admitted	male	b
1220	admitted	male	b
1221	admitted	male	b
1222	admitted	male	b
1223	admitted	male	b
1224	admitted	male	b
1225	admitted	male	b
1226	admitted	male	b
1227	admitted	male	b
1228	admitted	male	b
1229	admitted	male	b
1230	admitted	male	b
1231	admitted	male	b
1232	admitted	male	b
1233	admitted	male	b
1234	admitted	male	b
1235	admitted	male	b
1236	admitted	male	b
1237	admitted	male	b
1238	admitted	male	b
1239	admitted	male	b
1240	admitted	male	b
1241	admitted	male	b
1242	admitted	male	b
1243	admitted	male	b
1244	admitted	male	b
1245	admitted	male	b
1246	admitted	male	b
1247	admitted	male	b
1248	admitted	male	b
1249	admitted	male	b
1250	admitted	male	b
1251	admitted	male	b
1252	admitted	male	b
1253	admitted	male	b
1254	admitted	male	b
1255	admitted	male	b
1256	admitted	male	b
1257	admitted	male	b
1258	admitted	male	b
1259	admitted	male	b
1260	admitted	male	b
1261	admitted	male	b
1262	admitted	male	b
1263	admitted	male	b
1264	admitted	male	b
1265	admitted	male	b
1266	admitted	male	b
1267	admitted	male	b
1268	admitted	male	b
1269	admitted	male	b
1270	admitted	male	b
1271	admitted	male	b
1272	admitted	male	b
1273	admitted	male	b
1274	admitted	male	b
1275	admitted	male	b
1276	admitted	male	b
1277	admitted	male	b
1278	admitted	male	b
1279	admitted	male	b
1280	admitted	male	b
1281	admitted	male	b
1282	admitted	male	b
1283	admitted	male	b
1284	admitted	male	b
1285	admitted	male	b
1286	admitted	male	b
1287	rejected	male	b
1288	rejected	male	b
1289	rejected	male	b
1290	rejected	male	b
1291	rejected	male	b
1292	rejected	male	b
1293	rejected	male	b
1294	rejected	male	b
1295	rejected	male	b
1296	rejected	male	b
1297	rejected	male	b
1298	rejected	male	b
1299	rejected	male	b
1300	rejected	male	b
1301	rejected	male	b
1302	rejected	male	b
1303	rejected	male	b
1304	rejected	male	b
1305	rejected	male	b
1306	rejected	male	b
1307	rejected	male	b
1308	rejected	male	b
1309	rejected	male	b
1310	rejected	male	b
1311	rejected	male	b
1312	rejected	male	b
1313	rejected	male	b
1314	rejected	male	b
1315	rejected	male	b
1316	rejected	male	b
1317	rejected	male	b
1318	rejected	male	b
1319	rejected	male	b
1320	rejected	male	b
1321	rejected	male	b
1322	rejected	male	b
1323	rejected	male	b
1324	rejected	male	b
1325	rejected	male	b
1326	rejected	male	b
1327	rejected	male	b
1328	rejected	male	b
1329	rejected	male	b
1330	rejected	male	b
1331	rejected	male	b
1332	rejected	male	b
1333	rejected	male	b
1334	rejected	male	b
1335	rejected	male	b
1336	rejected	male	b
1337	rejected	male	b
1338	rejected	male	b
1339	rejected	male	b
1340	rejected	male	b
1341	rejected	male	b
1342	rejected	male	b
1343	rejected	male	b
1344	rejected	male	b
1345	rejected	male	b
1346	rejected	male	b
1347	rejected	male	b
1348	rejected	male	b
1349	rejected	male	b
1350	rejected	male	b
1351	rejected	male	b
1352	rejected	male	b
1353	rejected	male	b
1354	rejected	male	b
1355	rejected	male	b
1356	rejected	male	b
1357	rejected	male	b
1358	rejected	male	b
1359	rejected	male	b
1360	rejected	male	b
1361	rejected	male	b
1362	rejected	male	b
1363	rejected	male	b
1364	rejected	male	b
1365	rejected	male	b
1366	rejected	male	b
1367	rejected	male	b
1368	rejected	male	b
1369	rejected	male	b
1370	rejected	male	b
1371	rejected	male	b
1372	rejected	male	b
1373	rejected	male	b
1374	rejected	male	b
1375	rejected	male	b
1376	rejected	male	b
1377	rejected	male	b
1378	rejected	male	b
1379	rejected	male	b
1380	rejected	male	b
1381	rejected	male	b
1382	rejected	male	b
1383	rejected	male	b
1384	rejected	male	b
1385	rejected	male	b
1386	rejected	male	b
1387	rejected	male	b
1388	rejected	male	b
1389	rejected	male	b
1390	rejected	male	b
1391	rejected	male	b
1392	rejected	male	b
1393	rejected	male	b
1394	rejected	male	b
1395	rejected	male	b
1396	rejected	male	b
1397	rejected	male	b
1398	rejected	male	b
1399	rejected	male	b
1400	rejected	male	b
1401	rejected	male	b
1402	rejected	male	b
1403	rejected	male	b
1404	rejected	male	b
1405	rejected	male	b
1406	rejected	male	b
1407	rejected	male	b
1408	rejected	male	b
1409	rejected	male	b
1410	rejected	male	b
1411	rejected	male	b
1412	rejected	male	b
1413	rejected	male	b
1414	rejected	male	b
1415	rejected	male	b
1416	rejected	male	b
1417	rejected	male	b
1418	rejected	male	b
1419	rejected	male	b
1420	rejected	male	b
1421	rejected	male	b
1422	rejected	male	b
1423	rejected	male	b
1424	rejected	male	b
1425	rejected	male	b
1426	rejected	male	b
1427	rejected	male	b
1428	rejected	male	b
1429	rejected	male	b
1430	rejected	male	b
1431	rejected	male	b
1432	rejected	male	b
1433	rejected	male	b
1434	rejected	male	b
1435	rejected	male	b
1436	rejected	male	b
1437	rejected	male	b
1438	rejected	male	b
1439	rejected	male	b
1440	rejected	male	b
1441	rejected	male	b
1442	rejected	male	b
1443	rejected	male	b
1444	rejected	male	b
1445	rejected	male	b
1446	rejected	male	b
1447	rejected	male	b
1448	rejected	male	b
1449	rejected	male	b
1450	rejected	male	b
1451	rejected	male	b
1452	rejected	male	b
1453	rejected	male	b
1454	rejected	male	b
1455	rejected	male	b
1456	rejected	male	b
1457	rejected	male	b
1458	rejected	male	b
1459	rejected	male	b
1460	rejected	male	b
1461	rejected	male	b
1462	rejected	male	b
1463	rejected	male	b
1464	rejected	male	b
1465	rejected	male	b
1466	rejected	male	b
1467	rejected	male	b
1468	rejected	male	b
1469	rejected	male	b
1470	rejected	male	b
1471	rejected	male	b
1472	rejected	male	b
1473	rejected	male	b
1474	rejected	male	b
1475	rejected	male	b
1476	rejected	male	b
1477	rejected	male	b
1478	rejected	male	b
1479	rejected	male	b
1480	rejected	male	b
1481	rejected	male	b
1482	rejected	male	b
1483	rejected	male	b
1484	rejected	male	b
1485	rejected	male	b
1486	rejected	male	b
1487	rejected	male	b
1488	rejected	male	b
1489	rejected	male	b
1490	rejected	male	b
1491	rejected	male	b
1492	rejected	male	b
1493	rejected	male	b
1494	admitted	female	b
1495	admitted	female	b
1496	admitted	female	b
1497	admitted	female	b
1498	admitted	female	b
1499	admitted	female	b
1500	admitted	female	b
1501	admitted	female	b
1502	admitted	female	b
1503	admitted	female	b
1504	admitted	female	b
1505	admitted	female	b
1506	admitted	female	b
1507	admitted	female	b
1508	admitted	female	b
1509	admitted	female	b
1510	admitted	female	b
1511	rejected	female	b
1512	rejected	female	b
1513	rejected	female	b
1514	rejected	female	b
1515	rejected	female	b
1516	rejected	female	b
1517	rejected	female	b
1518	rejected	female	b
1519	admitted	male	c
1520	admitted	male	c
1521	admitted	male	c
1522	admitted	male	c
1523	admitted	male	c
1524	admitted	male	c
1525	admitted	male	c
1526	admitted	male	c
1527	admitted	male	c
1528	admitted	male	c
1529	admitted	male	c
1530	admitted	male	c
1531	admitted	male	c
1532	admitted	male	c
1533	admitted	male	c
1534	admitted	male	c
1535	admitted	male	c
1536	admitted	male	c
1537	admitted	male	c
1538	admitted	male	c
1539	admitted	male	c
1540	admitted	male	c
1541	admitted	male	c
1542	admitted	male	c
1543	admitted	male	c
1544	admitted	male	c
1545	admitted	male	c
1546	admitted	male	c
1547	admitted	male	c
1548	admitted	male	c
1549	admitted	male	c
1550	admitted	male	c
1551	admitted	male	c
1552	admitted	male	c
1553	admitted	male	c
1554	admitted	male	c
1555	admitted	male	c
1556	admitted	male	c
1557	admitted	male	c
1558	admitted	male	c
1559	admitted	male	c
1560	admitted	male	c
1561	admitted	male	c
1562	admitted	male	c
1563	admitted	male	c
1564	admitted	male	c
1565	admitted	male	c
1566	admitted	male	c
1567	admitted	male	c
1568	admitted	male	c
1569	admitted	male	c
1570	admitted	male	c
1571	admitted	male	c
1572	admitted	male	c
1573	admitted	male	c
1574	admitted	male	c
1575	admitted	male	c
1576	admitted	male	c
1577	admitted	male	c
1578	admitted	male	c
1579	admitted	male	c
1580	admitted	male	c
1581	admitted	male	c
1582	admitted	male	c
1583	admitted	male	c
1584	admitted	male	c
1585	admitted	male	c
1586	admitted	male	c
1587	admitted	male	c
1588	admitted	male	c
1589	admitted	male	c
1590	admitted	male	c
1591	admitted	male	c
1592	admitted	male	c
1593	admitted	male	c
1594	admitted	male	c
1595	admitted	male	c
1596	admitted	male	c
1597	admitted	male	c
1598	admitted	male	c
1599	admitted	male	c
1600	admitted	male	c
1601	admitted	male	c
1602	admitted	male	c
1603	admitted	male	c
1604	admitted	male	c
1605	admitted	male	c
1606	admitted	male	c
1607	admitted	male	c
1608	admitted	male	c
1609	admitted	male	c
1610	admitted	male	c
1611	admitted	male	c
1612	admitted	male	c
1613	admitted	male	c
1614	admitted	male	c
1615	admitted	male	c
1616	admitted	male	c
1617	admitted	male	c
1618	admitted	male	c
1619	admitted	male	c
1620	admitted	male	c
1621	admitted	male	c
1622	admitted	male	c
1623	admitted	male	c
1624	admitted	male	c
1625	admitted	male	c
1626	admitted	male	c
1627	admitted	male	c
1628	admitted	male	c
1629	admitted	male	c
1630	admitted	male	c
1631	admitted	male	c
1632	admitted	male	c
1633	admitted	male	c
1634	admitted	male	c
1635	admitted	male	c
1636	admitted	male	c
1637	admitted	male	c
1638	admitted	male	c
1639	rejected	male	c
1640	rejected	male	c
1641	rejected	male	c
1642	rejected	male	c
1643	rejected	male	c
1644	rejected	male	c
1645	rejected	male	c
1646	rejected	male	c
1647	rejected	male	c
1648	rejected	male	c
1649	rejected	male	c
1650	rejected	male	c
1651	rejected	male	c
1652	rejected	male	c
1653	rejected	male	c
1654	rejected	male	c
1655	rejected	male	c
1656	rejected	male	c
1657	rejected	male	c
1658	rejected	male	c
1659	rejected	male	c
1660	rejected	male	c
1661	rejected	male	c
1662	rejected	male	c
1663	rejected	male	c
1664	rejected	male	c
1665	rejected	male	c
1666	rejected	male	c
1667	rejected	male	c
1668	rejected	male	c
1669	rejected	male	c
1670	rejected	male	c
1671	rejected	male	c
1672	rejected	male	c
1673	rejected	male	c
1674	rejected	male	c
1675	rejected	male	c
1676	rejected	male	c
1677	rejected	male	c
1678	rejected	male	c
1679	rejected	male	c
1680	rejected	male	c
1681	rejected	male	c
1682	rejected	male	c
1683	rejected	male	c
1684	rejected	male	c
1685	rejected	male	c
1686	rejected	male	c
1687	rejected	male	c
1688	rejected	male	c
1689	rejected	male	c
1690	rejected	male	c
1691	rejected	male	c
1692	rejected	male	c
1693	rejected	male	c
1694	rejected	male	c
1695	rejected	male	c
1696	rejected	male	c
1697	rejected	male	c
1698	rejected	male	c
1699	rejected	male	c
1700	rejected	male	c
1701	rejected	male	c
1702	rejected	male	c
1703	rejected	male	c
1704	rejected	male	c
1705	rejected	male	c
1706	rejected	male	c
1707	rejected	male	c
1708	rejected	male	c
1709	rejected	male	c
1710	rejected	male	c
1711	rejected	male	c
1712	rejected	male	c
1713	rejected	male	c
1714	rejected	male	c
1715	rejected	male	c
1716	rejected	male	c
1717	rejected	male	c
1718	rejected	male	c
1719	rejected	male	c
1720	rejected	male	c
1721	rejected	male	c
1722	rejected	male	c
1723	rejected	male	c
1724	rejected	male	c
1725	rejected	male	c
1726	rejected	male	c
1727	rejected	male	c
1728	rejected	male	c
1729	rejected	male	c
1730	rejected	male	c
1731	rejected	male	c
1732	rejected	male	c
1733	rejected	male	c
1734	rejected	male	c
1735	rejected	male	c
1736	rejected	male	c
1737	rejected	male	c
1738	rejected	male	c
1739	rejected	male	c
1740	rejected	male	c
1741	rejected	male	c
1742	rejected	male	c
1743	rejected	male	c
1744	rejected	male	c
1745	rejected	male	c
1746	rejected	male	c
1747	rejected	male	c
1748	rejected	male	c
1749	rejected	male	c
1750	rejected	male	c
1751	rejected	male	c
1752	rejected	male	c
1753	rejected	male	c
1754	rejected	male	c
1755	rejected	male	c
1756	rejected	male	c
1757	rejected	male	c
1758	rejected	male	c
1759	rejected	male	c
1760	rejected	male	c
1761	rejected	male	c
1762	rejected	male	c
1763	rejected	male	c
1764	rejected	male	c
1765	rejected	male	c
1766	rejected	male	c
1767	rejected	male	c
1768	rejected	male	c
1769	rejected	male	c
1770	rejected	male	c
1771	rejected	male	c
1772	rejected	male	c
1773	rejected	male	c
1774	rejected	male	c
1775	rejected	male	c
1776	rejected	male	c
1777	rejected	male	c
1778	rejected	male	c
1779	rejected	male	c
1780	rejected	male	c
1781	rejected	male	c
1782	rejected	male	c
1783	rejected	male	c
1784	rejected	male	c
1785	rejected	male	c
1786	rejected	male	c
1787	rejected	male	c
1788	rejected	male	c
1789	rejected	male	c
1790	rejected	male	c
1791	rejected	male	c
1792	rejected	male	c
1793	rejected	male	c
1794	rejected	male	c
1795	rejected	male	c
1796	rejected	male	c
1797	rejected	male	c
1798	rejected	male	c
1799	rejected	male	c
1800	rejected	male	c
1801	rejected	male	c
1802	rejected	male	c
1803	rejected	male	c
1804	rejected	male	c
1805	rejected	male	c
1806	rejected	male	c
1807	rejected	male	c
1808	rejected	male	c
1809	rejected	male	c
1810	rejected	male	c
1811	rejected	male	c
1812	rejected	male	c
1813	rejected	male	c
1814	rejected	male	c
1815	rejected	male	c
1816	rejected	male	c
1817	rejected	male	c
1818	rejected	male	c
1819	rejected	male	c
1820	rejected	male	c
1821	rejected	male	c
1822	rejected	male	c
1823	rejected	male	c
1824	rejected	male	c
1825	rejected	male	c
1826	rejected	male	c
1827	rejected	male	c
1828	rejected	male	c
1829	rejected	male	c
1830	rejected	male	c
1831	rejected	male	c
1832	rejected	male	c
1833	rejected	male	c
1834	rejected	male	c
1835	rejected	male	c
1836	rejected	male	c
1837	rejected	male	c
1838	rejected	male	c
1839	rejected	male	c
1840	rejected	male	c
1841	rejected	male	c
1842	rejected	male	c
1843	rejected	male	c
1844	admitted	female	c
1845	admitted	female	c
1846	admitted	female	c
1847	admitted	female	c
1848	admitted	female	c
1849	admitted	female	c
1850	admitted	female	c
1851	admitted	female	c
1852	admitted	female	c
1853	admitted	female	c
1854	admitted	female	c
1855	admitted	female	c
1856	admitted	female	c
1857	admitted	female	c
1858	admitted	female	c
1859	admitted	female	c
1860	admitted	female	c
1861	admitted	female	c
1862	admitted	female	c
1863	admitted	female	c
1864	admitted	female	c
1865	admitted	female	c
1866	admitted	female	c
1867	admitted	female	c
1868	admitted	female	c
1869	admitted	female	c
1870	admitted	female	c
1871	admitted	female	c
1872	admitted	female	c
1873	admitted	female	c
1874	admitted	female	c
1875	admitted	female	c
1876	admitted	female	c
1877	admitted	female	c
1878	admitted	female	c
1879	admitted	female	c
1880	admitted	female	c
1881	admitted	female	c
1882	admitted	female	c
1883	admitted	female	c
1884	admitted	female	c
1885	admitted	female	c
1886	admitted	female	c
1887	admitted	female	c
1888	admitted	female	c
1889	admitted	female	c
1890	admitted	female	c
1891	admitted	female	c
1892	admitted	female	c
1893	admitted	female	c
1894	admitted	female	c
1895	admitted	female	c
1896	admitted	female	c
1897	admitted	female	c
1898	admitted	female	c
1899	admitted	female	c
1900	admitted	female	c
1901	admitted	female	c
1902	admitted	female	c
1903	admitted	female	c
1904	admitted	female	c
1905	admitted	female	c
1906	admitted	female	c
1907	admitted	female	c
1908	admitted	female	c
1909	admitted	female	c
1910	admitted	female	c
1911	admitted	female	c
1912	admitted	female	c
1913	admitted	female	c
1914	admitted	female	c
1915	admitted	female	c
1916	admitted	female	c
1917	admitted	female	c
1918	admitted	female	c
1919	admitted	female	c
1920	admitted	female	c
1921	admitted	female	c
1922	admitted	female	c
1923	admitted	female	c
1924	admitted	female	c
1925	admitted	female	c
1926	admitted	female	c
1927	admitted	female	c
1928	admitted	female	c
1929	admitted	female	c
1930	admitted	female	c
1931	admitted	female	c
1932	admitted	female	c
1933	admitted	female	c
1934	admitted	female	c
1935	admitted	female	c
1936	admitted	female	c
1937	admitted	female	c
1938	admitted	female	c
1939	admitted	female	c
1940	admitted	female	c
1941	admitted	female	c
1942	admitted	female	c
1943	admitted	female	c
1944	admitted	female	c
1945	admitted	female	c
1946	admitted	female	c
1947	admitted	female	c
1948	admitted	female	c
1949	admitted	female	c
1950	admitted	female	c
1951	admitted	female	c
1952	admitted	female	c
1953	admitted	female	c
1954	admitted	female	c
1955	admitted	female	c
1956	admitted	female	c
1957	admitted	female	c
1958	admitted	female	c
1959	admitted	female	c
1960	admitted	female	c
1961	admitted	female	c
1962	admitted	female	c
1963	admitted	female	c
1964	admitted	female	c
1965	admitted	female	c
1966	admitted	female	c
1967	admitted	female	c
1968	admitted	female	c
1969	admitted	female	c
1970	admitted	female	c
1971	admitted	female	c
1972	admitted	female	c
1973	admitted	female	c
1974	admitted	female	c
1975	admitted	female	c
1976	admitted	female	c
1977	admitted	female	c
1978	admitted	female	c
1979	admitted	female	c
1980	admitted	female	c
1981	admitted	female	c
1982	admitted	female	c
1983	admitted	female	c
1984	admitted	female	c
1985	admitted	female	c
1986	admitted	female	c
1987	admitted	female	c
1988	admitted	female	c
1989	admitted	female	c
1990	admitted	female	c
1991	admitted	female	c
1992	admitted	female	c
1993	admitted	female	c
1994	admitted	female	c
1995	admitted	female	c
1996	admitted	female	c
1997	admitted	female	c
1998	admitted	female	c
1999	admitted	female	c
2000	admitted	female	c
2001	admitted	female	c
2002	admitted	female	c
2003	admitted	female	c
2004	admitted	female	c
2005	admitted	female	c
2006	admitted	female	c
2007	admitted	female	c
2008	admitted	female	c
2009	admitted	female	c
2010	admitted	female	c
2011	admitted	female	c
2012	admitted	female	c
2013	admitted	female	c
2014	admitted	female	c
2015	admitted	female	c
2016	admitted	female	c
2017	admitted	female	c
2018	admitted	female	c
2019	admitted	female	c
2020	admitted	female	c
2021	admitted	female	c
2022	admitted	female	c
2023	admitted	female	c
2024	admitted	female	c
2025	admitted	female	c
2026	admitted	female	c
2027	admitted	female	c
2028	admitted	female	c
2029	admitted	female	c
2030	admitted	female	c
2031	admitted	female	c
2032	admitted	female	c
2033	admitted	female	c
2034	admitted	female	c
2035	admitted	female	c
2036	admitted	female	c
2037	admitted	female	c
2038	admitted	female	c
2039	admitted	female	c
2040	admitted	female	c
2041	admitted	female	c
2042	admitted	female	c
2043	admitted	female	c
2044	admitted	female	c
2045	admitted	female	c
2046	rejected	female	c
2047	rejected	female	c
2048	rejected	female	c
2049	rejected	female	c
2050	rejected	female	c
2051	rejected	female	c
2052	rejected	female	c
2053	rejected	female	c
2054	rejected	female	c
2055	rejected	female	c
2056	rejected	female	c
2057	rejected	female	c
2058	rejected	female	c
2059	rejected	female	c
2060	rejected	female	c
2061	rejected	female	c
2062	rejected	female	c
2063	rejected	female	c
2064	rejected	female	c
2065	rejected	female	c
2066	rejected	female	c
2067	rejected	female	c
2068	rejected	female	c
2069	rejected	female	c
2070	rejected	female	c
2071	rejected	female	c
2072	rejected	female	c
2073	rejected	female	c
2074	rejected	female	c
2075	rejected	female	c
2076	rejected	female	c
2077	rejected	female	c
2078	rejected	female	c
2079	rejected	female	c
2080	rejected	female	c
2081	rejected	female	c
2082	rejected	female	c
2083	rejected	female	c
2084	rejected	female	c
2085	rejected	female	c
2086	rejected	female	c
2087	rejected	female	c
2088	rejected	female	c
2089	rejected	female	c
2090	rejected	female	c
2091	rejected	female	c
2092	rejected	female	c
2093	rejected	female	c
2094	rejected	female	c
2095	rejected	female	c
2096	rejected	female	c
2097	rejected	female	c
2098	rejected	female	c
2099	rejected	female	c
2100	rejected	female	c
2101	rejected	female	c
2102	rejected	female	c
2103	rejected	female	c
2104	rejected	female	c
2105	rejected	female	c
2106	rejected	female	c
2107	rejected	female	c
2108	rejected	female	c
2109	rejected	female	c
2110	rejected	female	c
2111	rejected	female	c
2112	rejected	female	c
2113	rejected	female	c
2114	rejected	female	c
2115	rejected	female	c
2116	rejected	female	c
2117	rejected	female	c
2118	rejected	female	c
2119	rejected	female	c
2120	rejected	female	c
2121	rejected	female	c
2122	rejected	female	c
2123	rejected	female	c
2124	rejected	female	c
2125	rejected	female	c
2126	rejected	female	c
2127	rejected	female	c
2128	rejected	female	c
2129	rejected	female	c
2130	rejected	female	c
2131	rejected	female	c
2132	rejected	female	c
2133	rejected	female	c
2134	rejected	female	c
2135	rejected	female	c
2136	rejected	female	c
2137	rejected	female	c
2138	rejected	female	c
2139	rejected	female	c
2140	rejected	female	c
2141	rejected	female	c
2142	rejected	female	c
2143	rejected	female	c
2144	rejected	female	c
2145	rejected	female	c
2146	rejected	female	c
2147	rejected	female	c
2148	rejected	female	c
2149	rejected	female	c
2150	rejected	female	c
2151	rejected	female	c
2152	rejected	female	c
2153	rejected	female	c
2154	rejected	female	c
2155	rejected	female	c
2156	rejected	female	c
2157	rejected	female	c
2158	rejected	female	c
2159	rejected	female	c
2160	rejected	female	c
2161	rejected	female	c
2162	rejected	female	c
2163	rejected	female	c
2164	rejected	female	c
2165	rejected	female	c
2166	rejected	female	c
2167	rejected	female	c
2168	rejected	female	c
2169	rejected	female	c
2170	rejected	female	c
2171	rejected	female	c
2172	rejected	female	c
2173	rejected	female	c
2174	rejected	female	c
2175	rejected	female	c
2176	rejected	female	c
2177	rejected	female	c
2178	rejected	female	c
2179	rejected	female	c
2180	rejected	female	c
2181	rejected	female	c
2182	rejected	female	c
2183	rejected	female	c
2184	rejected	female	c
2185	rejected	female	c
2186	rejected	female	c
2187	rejected	female	c
2188	rejected	female	c
2189	rejected	female	c
2190	rejected	female	c
2191	rejected	female	c
2192	rejected	female	c
2193	rejected	female	c
2194	rejected	female	c
2195	rejected	female	c
2196	rejected	female	c
2197	rejected	female	c
2198	rejected	female	c
2199	rejected	female	c
2200	rejected	female	c
2201	rejected	female	c
2202	rejected	female	c
2203	rejected	female	c
2204	rejected	female	c
2205	rejected	female	c
2206	rejected	female	c
2207	rejected	female	c
2208	rejected	female	c
2209	rejected	female	c
2210	rejected	female	c
2211	rejected	female	c
2212	rejected	female	c
2213	rejected	female	c
2214	rejected	female	c
2215	rejected	female	c
2216	rejected	female	c
2217	rejected	female	c
2218	rejected	female	c
2219	rejected	female	c
2220	rejected	female	c
2221	rejected	female	c
2222	rejected	female	c
2223	rejected	female	c
2224	rejected	female	c
2225	rejected	female	c
2226	rejected	female	c
2227	rejected	female	c
2228	rejected	female	c
2229	rejected	female	c
2230	rejected	female	c
2231	rejected	female	c
2232	rejected	female	c
2233	rejected	female	c
2234	rejected	female	c
2235	rejected	female	c
2236	rejected	female	c
2237	rejected	female	c
2238	rejected	female	c
2239	rejected	female	c
2240	rejected	female	c
2241	rejected	female	c
2242	rejected	female	c
2243	rejected	female	c
2244	rejected	female	c
2245	rejected	female	c
2246	rejected	female	c
2247	rejected	female	c
2248	rejected	female	c
2249	rejected	female	c
2250	rejected	female	c
2251	rejected	female	c
2252	rejected	female	c
2253	rejected	female	c
2254	rejected	female	c
2255	rejected	female	c
2256	rejected	female	c
2257	rejected	female	c
2258	rejected	female	c
2259	rejected	female	c
2260	rejected	female	c
2261	rejected	female	c
2262	rejected	female	c
2263	rejected	female	c
2264	rejected	female	c
2265	rejected	female	c
2266	rejected	female	c
2267	rejected	female	c
2268	rejected	female	c
2269	rejected	female	c
2270	rejected	female	c
2271	rejected	female	c
2272	rejected	female	c
2273	rejected	female	c
2274	rejected	female	c
2275	rejected	female	c
2276	rejected	female	c
2277	rejected	female	c
2278	rejected	female	c
2279	rejected	female	c
2280	rejected	female	c
2281	rejected	female	c
2282	rejected	female	c
2283	rejected	female	c
2284	rejected	female	c
2285	rejected	female	c
2286	rejected	female	c
2287	rejected	female	c
2288	rejected	female	c
2289	rejected	female	c
2290	rejected	female	c
2291	rejected	female	c
2292	rejected	female	c
2293	rejected	female	c
2294	rejected	female	c
2295	rejected	female	c
2296	rejected	female	c
2297	rejected	female	c
2298	rejected	female	c
2299	rejected	female	c
2300	rejected	female	c
2301	rejected	female	c
2302	rejected	female	c
2303	rejected	female	c
2304	rejected	female	c
2305	rejected	female	c
2306	rejected	female	c
2307	rejected	female	c
2308	rejected	female	c
2309	rejected	female	c
2310	rejected	female	c
2311	rejected	female	c
2312	rejected	female	c
2313	rejected	female	c
2314	rejected	female	c
2315	rejected	female	c
2316	rejected	female	c
2317	rejected	female	c
2318	rejected	female	c
2319	rejected	female	c
2320	rejected	female	c
2321	rejected	female	c
2322	rejected	female	c
2323	rejected	female	c
2324	rejected	female	c
2325	rejected	female	c
2326	rejected	female	c
2327	rejected	female	c
2328	rejected	female	c
2329	rejected	female	c
2330	rejected	female	c
2331	rejected	female	c
2332	rejected	female	c
2333	rejected	female	c
2334	rejected	female	c
2335	rejected	female	c
2336	rejected	female	c
2337	rejected	female	c
2338	rejected	female	c
2339	rejected	female	c
2340	rejected	female	c
2341	rejected	female	c
2342	rejected	female	c
2343	rejected	female	c
2344	rejected	female	c
2345	rejected	female	c
2346	rejected	female	c
2347	rejected	female	c
2348	rejected	female	c
2349	rejected	female	c
2350	rejected	female	c
2351	rejected	female	c
2352	rejected	female	c
2353	rejected	female	c
2354	rejected	female	c
2355	rejected	female	c
2356	rejected	female	c
2357	rejected	female	c
2358	rejected	female	c
2359	rejected	female	c
2360	rejected	female	c
2361	rejected	female	c
2362	rejected	female	c
2363	rejected	female	c
2364	rejected	female	c
2365	rejected	female	c
2366	rejected	female	c
2367	rejected	female	c
2368	rejected	female	c
2369	rejected	female	c
2370	rejected	female	c
2371	rejected	female	c
2372	rejected	female	c
2373	rejected	female	c
2374	rejected	female	c
2375	rejected	female	c
2376	rejected	female	c
2377	rejected	female	c
2378	rejected	female	c
2379	rejected	female	c
2380	rejected	female	c
2381	rejected	female	c
2382	rejected	female	c
2383	rejected	female	c
2384	rejected	female	c
2385	rejected	female	c
2386	rejected	female	c
2387	rejected	female	c
2388	rejected	female	c
2389	rejected	female	c
2390	rejected	female	c
2391	rejected	female	c
2392	rejected	female	c
2393	rejected	female	c
2394	rejected	female	c
2395	rejected	female	c
2396	rejected	female	c
2397	rejected	female	c
2398	rejected	female	c
2399	rejected	female	c
2400	rejected	female	c
2401	rejected	female	c
2402	rejected	female	c
2403	rejected	female	c
2404	rejected	female	c
2405	rejected	female	c
2406	rejected	female	c
2407	rejected	female	c
2408	rejected	female	c
2409	rejected	female	c
2410	rejected	female	c
2411	rejected	female	c
2412	rejected	female	c
2413	rejected	female	c
2414	rejected	female	c
2415	rejected	female	c
2416	rejected	female	c
2417	rejected	female	c
2418	rejected	female	c
2419	rejected	female	c
2420	rejected	female	c
2421	rejected	female	c
2422	rejected	female	c
2423	rejected	female	c
2424	rejected	female	c
2425	rejected	female	c
2426	rejected	female	c
2427	rejected	female	c
2428	rejected	female	c
2429	rejected	female	c
2430	rejected	female	c
2431	rejected	female	c
2432	rejected	female	c
2433	rejected	female	c
2434	rejected	female	c
2435	rejected	female	c
2436	rejected	female	c
2437	admitted	male	d
2438	admitted	male	d
2439	admitted	male	d
2440	admitted	male	d
2441	admitted	male	d
2442	admitted	male	d
2443	admitted	male	d
2444	admitted	male	d
2445	admitted	male	d
2446	admitted	male	d
2447	admitted	male	d
2448	admitted	male	d
2449	admitted	male	d
2450	admitted	male	d
2451	admitted	male	d
2452	admitted	male	d
2453	admitted	male	d
2454	admitted	male	d
2455	admitted	male	d
2456	admitted	male	d
2457	admitted	male	d
2458	admitted	male	d
2459	admitted	male	d
2460	admitted	male	d
2461	admitted	male	d
2462	admitted	male	d
2463	admitted	male	d
2464	admitted	male	d
2465	admitted	male	d
2466	admitted	male	d
2467	admitted	male	d
2468	admitted	male	d
2469	admitted	male	d
2470	admitted	male	d
2471	admitted	male	d
2472	admitted	male	d
2473	admitted	male	d
2474	admitted	male	d
2475	admitted	male	d
2476	admitted	male	d
2477	admitted	male	d
2478	admitted	male	d
2479	admitted	male	d
2480	admitted	male	d
2481	admitted	male	d
2482	admitted	male	d
2483	admitted	male	d
2484	admitted	male	d
2485	admitted	male	d
2486	admitted	male	d
2487	admitted	male	d
2488	admitted	male	d
2489	admitted	male	d
2490	admitted	male	d
2491	admitted	male	d
2492	admitted	male	d
2493	admitted	male	d
2494	admitted	male	d
2495	admitted	male	d
2496	admitted	male	d
2497	admitted	male	d
2498	admitted	male	d
2499	admitted	male	d
2500	admitted	male	d
2501	admitted	male	d
2502	admitted	male	d
2503	admitted	male	d
2504	admitted	male	d
2505	admitted	male	d
2506	admitted	male	d
2507	admitted	male	d
2508	admitted	male	d
2509	admitted	male	d
2510	admitted	male	d
2511	admitted	male	d
2512	admitted	male	d
2513	admitted	male	d
2514	admitted	male	d
2515	admitted	male	d
2516	admitted	male	d
2517	admitted	male	d
2518	admitted	male	d
2519	admitted	male	d
2520	admitted	male	d
2521	admitted	male	d
2522	admitted	male	d
2523	admitted	male	d
2524	admitted	male	d
2525	admitted	male	d
2526	admitted	male	d
2527	admitted	male	d
2528	admitted	male	d
2529	admitted	male	d
2530	admitted	male	d
2531	admitted	male	d
2532	admitted	male	d
2533	admitted	male	d
2534	admitted	male	d
2535	admitted	male	d
2536	admitted	male	d
2537	admitted	male	d
2538	admitted	male	d
2539	admitted	male	d
2540	admitted	male	d
2541	admitted	male	d
2542	admitted	male	d
2543	admitted	male	d
2544	admitted	male	d
2545	admitted	male	d
2546	admitted	male	d
2547	admitted	male	d
2548	admitted	male	d
2549	admitted	male	d
2550	admitted	male	d
2551	admitted	male	d
2552	admitted	male	d
2553	admitted	male	d
2554	admitted	male	d
2555	admitted	male	d
2556	admitted	male	d
2557	admitted	male	d
2558	admitted	male	d
2559	admitted	male	d
2560	admitted	male	d
2561	admitted	male	d
2562	admitted	male	d
2563	admitted	male	d
2564	admitted	male	d
2565	admitted	male	d
2566	admitted	male	d
2567	admitted	male	d
2568	admitted	male	d
2569	admitted	male	d
2570	admitted	male	d
2571	admitted	male	d
2572	admitted	male	d
2573	admitted	male	d
2574	admitted	male	d
2575	rejected	male	d
2576	rejected	male	d
2577	rejected	male	d
2578	rejected	male	d
2579	rejected	male	d
2580	rejected	male	d
2581	rejected	male	d
2582	rejected	male	d
2583	rejected	male	d
2584	rejected	male	d
2585	rejected	male	d
2586	rejected	male	d
2587	rejected	male	d
2588	rejected	male	d
2589	rejected	male	d
2590	rejected	male	d
2591	rejected	male	d
2592	rejected	male	d
2593	rejected	male	d
2594	rejected	male	d
2595	rejected	male	d
2596	rejected	male	d
2597	rejected	male	d
2598	rejected	male	d
2599	rejected	male	d
2600	rejected	male	d
2601	rejected	male	d
2602	rejected	male	d
2603	rejected	male	d
2604	rejected	male	d
2605	rejected	male	d
2606	rejected	male	d
2607	rejected	male	d
2608	rejected	male	d
2609	rejected	male	d
2610	rejected	male	d
2611	rejected	male	d
2612	rejected	male	d
2613	rejected	male	d
2614	rejected	male	d
2615	rejected	male	d
2616	rejected	male	d
2617	rejected	male	d
2618	rejected	male	d
2619	rejected	male	d
2620	rejected	male	d
2621	rejected	male	d
2622	rejected	male	d
2623	rejected	male	d
2624	rejected	male	d
2625	rejected	male	d
2626	rejected	male	d
2627	rejected	male	d
2628	rejected	male	d
2629	rejected	male	d
2630	rejected	male	d
2631	rejected	male	d
2632	rejected	male	d
2633	rejected	male	d
2634	rejected	male	d
2635	rejected	male	d
2636	rejected	male	d
2637	rejected	male	d
2638	rejected	male	d
2639	rejected	male	d
2640	rejected	male	d
2641	rejected	male	d
2642	rejected	male	d
2643	rejected	male	d
2644	rejected	male	d
2645	rejected	male	d
2646	rejected	male	d
2647	rejected	male	d
2648	rejected	male	d
2649	rejected	male	d
2650	rejected	male	d
2651	rejected	male	d
2652	rejected	male	d
2653	rejected	male	d
2654	rejected	male	d
2655	rejected	male	d
2656	rejected	male	d
2657	rejected	male	d
2658	rejected	male	d
2659	rejected	male	d
2660	rejected	male	d
2661	rejected	male	d
2662	rejected	male	d
2663	rejected	male	d
2664	rejected	male	d
2665	rejected	male	d
2666	rejected	male	d
2667	rejected	male	d
2668	rejected	male	d
2669	rejected	male	d
2670	rejected	male	d
2671	rejected	male	d
2672	rejected	male	d
2673	rejected	male	d
2674	rejected	male	d
2675	rejected	male	d
2676	rejected	male	d
2677	rejected	male	d
2678	rejected	male	d
2679	rejected	male	d
2680	rejected	male	d
2681	rejected	male	d
2682	rejected	male	d
2683	rejected	male	d
2684	rejected	male	d
2685	rejected	male	d
2686	rejected	male	d
2687	rejected	male	d
2688	rejected	male	d
2689	rejected	male	d
2690	rejected	male	d
2691	rejected	male	d
2692	rejected	male	d
2693	rejected	male	d
2694	rejected	male	d
2695	rejected	male	d
2696	rejected	male	d
2697	rejected	male	d
2698	rejected	male	d
2699	rejected	male	d
2700	rejected	male	d
2701	rejected	male	d
2702	rejected	male	d
2703	rejected	male	d
2704	rejected	male	d
2705	rejected	male	d
2706	rejected	male	d
2707	rejected	male	d
2708	rejected	male	d
2709	rejected	male	d
2710	rejected	male	d
2711	rejected	male	d
2712	rejected	male	d
2713	rejected	male	d
2714	rejected	male	d
2715	rejected	male	d
2716	rejected	male	d
2717	rejected	male	d
2718	rejected	male	d
2719	rejected	male	d
2720	rejected	male	d
2721	rejected	male	d
2722	rejected	male	d
2723	rejected	male	d
2724	rejected	male	d
2725	rejected	male	d
2726	rejected	male	d
2727	rejected	male	d
2728	rejected	male	d
2729	rejected	male	d
2730	rejected	male	d
2731	rejected	male	d
2732	rejected	male	d
2733	rejected	male	d
2734	rejected	male	d
2735	rejected	male	d
2736	rejected	male	d
2737	rejected	male	d
2738	rejected	male	d
2739	rejected	male	d
2740	rejected	male	d
2741	rejected	male	d
2742	rejected	male	d
2743	rejected	male	d
2744	rejected	male	d
2745	rejected	male	d
2746	rejected	male	d
2747	rejected	male	d
2748	rejected	male	d
2749	rejected	male	d
2750	rejected	male	d
2751	rejected	male	d
2752	rejected	male	d
2753	rejected	male	d
2754	rejected	male	d
2755	rejected	male	d
2756	rejected	male	d
2757	rejected	male	d
2758	rejected	male	d
2759	rejected	male	d
2760	rejected	male	d
2761	rejected	male	d
2762	rejected	male	d
2763	rejected	male	d
2764	rejected	male	d
2765	rejected	male	d
2766	rejected	male	d
2767	rejected	male	d
2768	rejected	male	d
2769	rejected	male	d
2770	rejected	male	d
2771	rejected	male	d
2772	rejected	male	d
2773	rejected	male	d
2774	rejected	male	d
2775	rejected	male	d
2776	rejected	male	d
2777	rejected	male	d
2778	rejected	male	d
2779	rejected	male	d
2780	rejected	male	d
2781	rejected	male	d
2782	rejected	male	d
2783	rejected	male	d
2784	rejected	male	d
2785	rejected	male	d
2786	rejected	male	d
2787	rejected	male	d
2788	rejected	male	d
2789	rejected	male	d
2790	rejected	male	d
2791	rejected	male	d
2792	rejected	male	d
2793	rejected	male	d
2794	rejected	male	d
2795	rejected	male	d
2796	rejected	male	d
2797	rejected	male	d
2798	rejected	male	d
2799	rejected	male	d
2800	rejected	male	d
2801	rejected	male	d
2802	rejected	male	d
2803	rejected	male	d
2804	rejected	male	d
2805	rejected	male	d
2806	rejected	male	d
2807	rejected	male	d
2808	rejected	male	d
2809	rejected	male	d
2810	rejected	male	d
2811	rejected	male	d
2812	rejected	male	d
2813	rejected	male	d
2814	rejected	male	d
2815	rejected	male	d
2816	rejected	male	d
2817	rejected	male	d
2818	rejected	male	d
2819	rejected	male	d
2820	rejected	male	d
2821	rejected	male	d
2822	rejected	male	d
2823	rejected	male	d
2824	rejected	male	d
2825	rejected	male	d
2826	rejected	male	d
2827	rejected	male	d
2828	rejected	male	d
2829	rejected	male	d
2830	rejected	male	d
2831	rejected	male	d
2832	rejected	male	d
2833	rejected	male	d
2834	rejected	male	d
2835	rejected	male	d
2836	rejected	male	d
2837	rejected	male	d
2838	rejected	male	d
2839	rejected	male	d
2840	rejected	male	d
2841	rejected	male	d
2842	rejected	male	d
2843	rejected	male	d
2844	rejected	male	d
2845	rejected	male	d
2846	rejected	male	d
2847	rejected	male	d
2848	rejected	male	d
2849	rejected	male	d
2850	rejected	male	d
2851	rejected	male	d
2852	rejected	male	d
2853	rejected	male	d
2854	admitted	female	d
2855	admitted	female	d
2856	admitted	female	d
2857	admitted	female	d
2858	admitted	female	d
2859	admitted	female	d
2860	admitted	female	d
2861	admitted	female	d
2862	admitted	female	d
2863	admitted	female	d
2864	admitted	female	d
2865	admitted	female	d
2866	admitted	female	d
2867	admitted	female	d
2868	admitted	female	d
2869	admitted	female	d
2870	admitted	female	d
2871	admitted	female	d
2872	admitted	female	d
2873	admitted	female	d
2874	admitted	female	d
2875	admitted	female	d
2876	admitted	female	d
2877	admitted	female	d
2878	admitted	female	d
2879	admitted	female	d
2880	admitted	female	d
2881	admitted	female	d
2882	admitted	female	d
2883	admitted	female	d
2884	admitted	female	d
2885	admitted	female	d
2886	admitted	female	d
2887	admitted	female	d
2888	admitted	female	d
2889	admitted	female	d
2890	admitted	female	d
2891	admitted	female	d
2892	admitted	female	d
2893	admitted	female	d
2894	admitted	female	d
2895	admitted	female	d
2896	admitted	female	d
2897	admitted	female	d
2898	admitted	female	d
2899	admitted	female	d
2900	admitted	female	d
2901	admitted	female	d
2902	admitted	female	d
2903	admitted	female	d
2904	admitted	female	d
2905	admitted	female	d
2906	admitted	female	d
2907	admitted	female	d
2908	admitted	female	d
2909	admitted	female	d
2910	admitted	female	d
2911	admitted	female	d
2912	admitted	female	d
2913	admitted	female	d
2914	admitted	female	d
2915	admitted	female	d
2916	admitted	female	d
2917	admitted	female	d
2918	admitted	female	d
2919	admitted	female	d
2920	admitted	female	d
2921	admitted	female	d
2922	admitted	female	d
2923	admitted	female	d
2924	admitted	female	d
2925	admitted	female	d
2926	admitted	female	d
2927	admitted	female	d
2928	admitted	female	d
2929	admitted	female	d
2930	admitted	female	d
2931	admitted	female	d
2932	admitted	female	d
2933	admitted	female	d
2934	admitted	female	d
2935	admitted	female	d
2936	admitted	female	d
2937	admitted	female	d
2938	admitted	female	d
2939	admitted	female	d
2940	admitted	female	d
2941	admitted	female	d
2942	admitted	female	d
2943	admitted	female	d
2944	admitted	female	d
2945	admitted	female	d
2946	admitted	female	d
2947	admitted	female	d
2948	admitted	female	d
2949	admitted	female	d
2950	admitted	female	d
2951	admitted	female	d
2952	admitted	female	d
2953	admitted	female	d
2954	admitted	female	d
2955	admitted	female	d
2956	admitted	female	d
2957	admitted	female	d
2958	admitted	female	d
2959	admitted	female	d
2960	admitted	female	d
2961	admitted	female	d
2962	admitted	female	d
2963	admitted	female	d
2964	admitted	female	d
2965	admitted	female	d
2966	admitted	female	d
2967	admitted	female	d
2968	admitted	female	d
2969	admitted	female	d
2970	admitted	female	d
2971	admitted	female	d
2972	admitted	female	d
2973	admitted	female	d
2974	admitted	female	d
2975	admitted	female	d
2976	admitted	female	d
2977	admitted	female	d
2978	admitted	female	d
2979	admitted	female	d
2980	admitted	female	d
2981	admitted	female	d
2982	admitted	female	d
2983	admitted	female	d
2984	admitted	female	d
2985	rejected	female	d
2986	rejected	female	d
2987	rejected	female	d
2988	rejected	female	d
2989	rejected	female	d
2990	rejected	female	d
2991	rejected	female	d
2992	rejected	female	d
2993	rejected	female	d
2994	rejected	female	d
2995	rejected	female	d
2996	rejected	female	d
2997	rejected	female	d
2998	rejected	female	d
2999	rejected	female	d
3000	rejected	female	d
3001	rejected	female	d
3002	rejected	female	d
3003	rejected	female	d
3004	rejected	female	d
3005	rejected	female	d
3006	rejected	female	d
3007	rejected	female	d
3008	rejected	female	d
3009	rejected	female	d
3010	rejected	female	d
3011	rejected	female	d
3012	rejected	female	d
3013	rejected	female	d
3014	rejected	female	d
3015	rejected	female	d
3016	rejected	female	d
3017	rejected	female	d
3018	rejected	female	d
3019	rejected	female	d
3020	rejected	female	d
3021	rejected	female	d
3022	rejected	female	d
3023	rejected	female	d
3024	rejected	female	d
3025	rejected	female	d
3026	rejected	female	d
3027	rejected	female	d
3028	rejected	female	d
3029	rejected	female	d
3030	rejected	female	d
3031	rejected	female	d
3032	rejected	female	d
3033	rejected	female	d
3034	rejected	female	d
3035	rejected	female	d
3036	rejected	female	d
3037	rejected	female	d
3038	rejected	female	d
3039	rejected	female	d
3040	rejected	female	d
3041	rejected	female	d
3042	rejected	female	d
3043	rejected	female	d
3044	rejected	female	d
3045	rejected	female	d
3046	rejected	female	d
3047	rejected	female	d
3048	rejected	female	d
3049	rejected	female	d
3050	rejected	female	d
3051	rejected	female	d
3052	rejected	female	d
3053	rejected	female	d
3054	rejected	female	d
3055	rejected	female	d
3056	rejected	female	d
3057	rejected	female	d
3058	rejected	female	d
3059	rejected	female	d
3060	rejected	female	d
3061	rejected	female	d
3062	rejected	female	d
3063	rejected	female	d
3064	rejected	female	d
3065	rejected	female	d
3066	rejected	female	d
3067	rejected	female	d
3068	rejected	female	d
3069	rejected	female	d
3070	rejected	female	d
3071	rejected	female	d
3072	rejected	female	d
3073	rejected	female	d
3074	rejected	female	d
3075	rejected	female	d
3076	rejected	female	d
3077	rejected	female	d
3078	rejected	female	d
3079	rejected	female	d
3080	rejected	female	d
3081	rejected	female	d
3082	rejected	female	d
3083	rejected	female	d
3084	rejected	female	d
3085	rejected	female	d
3086	rejected	female	d
3087	rejected	female	d
3088	rejected	female	d
3089	rejected	female	d
3090	rejected	female	d
3091	rejected	female	d
3092	rejected	female	d
3093	rejected	female	d
3094	rejected	female	d
3095	rejected	female	d
3096	rejected	female	d
3097	rejected	female	d
3098	rejected	female	d
3099	rejected	female	d
3100	rejected	female	d
3101	rejected	female	d
3102	rejected	female	d
3103	rejected	female	d
3104	rejected	female	d
3105	rejected	female	d
3106	rejected	female	d
3107	rejected	female	d
3108	rejected	female	d
3109	rejected	female	d
3110	rejected	female	d
3111	rejected	female	d
3112	rejected	female	d
3113	rejected	female	d
3114	rejected	female	d
3115	rejected	female	d
3116	rejected	female	d
3117	rejected	female	d
3118	rejected	female	d
3119	rejected	female	d
3120	rejected	female	d
3121	rejected	female	d
3122	rejected	female	d
3123	rejected	female	d
3124	rejected	female	d
3125	rejected	female	d
3126	rejected	female	d
3127	rejected	female	d
3128	rejected	female	d
3129	rejected	female	d
3130	rejected	female	d
3131	rejected	female	d
3132	rejected	female	d
3133	rejected	female	d
3134	rejected	female	d
3135	rejected	female	d
3136	rejected	female	d
3137	rejected	female	d
3138	rejected	female	d
3139	rejected	female	d
3140	rejected	female	d
3141	rejected	female	d
3142	rejected	female	d
3143	rejected	female	d
3144	rejected	female	d
3145	rejected	female	d
3146	rejected	female	d
3147	rejected	female	d
3148	rejected	female	d
3149	rejected	female	d
3150	rejected	female	d
3151	rejected	female	d
3152	rejected	female	d
3153	rejected	female	d
3154	rejected	female	d
3155	rejected	female	d
3156	rejected	female	d
3157	rejected	female	d
3158	rejected	female	d
3159	rejected	female	d
3160	rejected	female	d
3161	rejected	female	d
3162	rejected	female	d
3163	rejected	female	d
3164	rejected	female	d
3165	rejected	female	d
3166	rejected	female	d
3167	rejected	female	d
3168	rejected	female	d
3169	rejected	female	d
3170	rejected	female	d
3171	rejected	female	d
3172	rejected	female	d
3173	rejected	female	d
3174	rejected	female	d
3175	rejected	female	d
3176	rejected	female	d
3177	rejected	female	d
3178	rejected	female	d
3179	rejected	female	d
3180	rejected	female	d
3181	rejected	female	d
3182	rejected	female	d
3183	rejected	female	d
3184	rejected	female	d
3185	rejected	female	d
3186	rejected	female	d
3187	rejected	female	d
3188	rejected	female	d
3189	rejected	female	d
3190	rejected	female	d
3191	rejected	female	d
3192	rejected	female	d
3193	rejected	female	d
3194	rejected	female	d
3195	rejected	female	d
3196	rejected	female	d
3197	rejected	female	d
3198	rejected	female	d
3199	rejected	female	d
3200	rejected	female	d
3201	rejected	female	d
3202	rejected	female	d
3203	rejected	female	d
3204	rejected	female	d
3205	rejected	female	d
3206	rejected	female	d
3207	rejected	female	d
3208	rejected	female	d
3209	rejected	female	d
3210	rejected	female	d
3211	rejected	female	d
3212	rejected	female	d
3213	rejected	female	d
3214	rejected	female	d
3215	rejected	female	d
3216	rejected	female	d
3217	rejected	female	d
3218	rejected	female	d
3219	rejected	female	d
3220	rejected	female	d
3221	rejected	female	d
3222	rejected	female	d
3223	rejected	female	d
3224	rejected	female	d
3225	rejected	female	d
3226	rejected	female	d
3227	rejected	female	d
3228	rejected	female	d
3229	admitted	male	e
3230	admitted	male	e
3231	admitted	male	e
3232	admitted	male	e
3233	admitted	male	e
3234	admitted	male	e
3235	admitted	male	e
3236	admitted	male	e
3237	admitted	male	e
3238	admitted	male	e
3239	admitted	male	e
3240	admitted	male	e
3241	admitted	male	e
3242	admitted	male	e
3243	admitted	male	e
3244	admitted	male	e
3245	admitted	male	e
3246	admitted	male	e
3247	admitted	male	e
3248	admitted	male	e
3249	admitted	male	e
3250	admitted	male	e
3251	admitted	male	e
3252	admitted	male	e
3253	admitted	male	e
3254	admitted	male	e
3255	admitted	male	e
3256	admitted	male	e
3257	admitted	male	e
3258	admitted	male	e
3259	admitted	male	e
3260	admitted	male	e
3261	admitted	male	e
3262	admitted	male	e
3263	admitted	male	e
3264	admitted	male	e
3265	admitted	male	e
3266	admitted	male	e
3267	admitted	male	e
3268	admitted	male	e
3269	admitted	male	e
3270	admitted	male	e
3271	admitted	male	e
3272	admitted	male	e
3273	admitted	male	e
3274	admitted	male	e
3275	admitted	male	e
3276	admitted	male	e
3277	admitted	male	e
3278	admitted	male	e
3279	admitted	male	e
3280	admitted	male	e
3281	admitted	male	e
3282	rejected	male	e
3283	rejected	male	e
3284	rejected	male	e
3285	rejected	male	e
3286	rejected	male	e
3287	rejected	male	e
3288	rejected	male	e
3289	rejected	male	e
3290	rejected	male	e
3291	rejected	male	e
3292	rejected	male	e
3293	rejected	male	e
3294	rejected	male	e
3295	rejected	male	e
3296	rejected	male	e
3297	rejected	male	e
3298	rejected	male	e
3299	rejected	male	e
3300	rejected	male	e
3301	rejected	male	e
3302	rejected	male	e
3303	rejected	male	e
3304	rejected	male	e
3305	rejected	male	e
3306	rejected	male	e
3307	rejected	male	e
3308	rejected	male	e
3309	rejected	male	e
3310	rejected	male	e
3311	rejected	male	e
3312	rejected	male	e
3313	rejected	male	e
3314	rejected	male	e
3315	rejected	male	e
3316	rejected	male	e
3317	rejected	male	e
3318	rejected	male	e
3319	rejected	male	e
3320	rejected	male	e
3321	rejected	male	e
3322	rejected	male	e
3323	rejected	male	e
3324	rejected	male	e
3325	rejected	male	e
3326	rejected	male	e
3327	rejected	male	e
3328	rejected	male	e
3329	rejected	male	e
3330	rejected	male	e
3331	rejected	male	e
3332	rejected	male	e
3333	rejected	male	e
3334	rejected	male	e
3335	rejected	male	e
3336	rejected	male	e
3337	rejected	male	e
3338	rejected	male	e
3339	rejected	male	e
3340	rejected	male	e
3341	rejected	male	e
3342	rejected	male	e
3343	rejected	male	e
3344	rejected	male	e
3345	rejected	male	e
3346	rejected	male	e
3347	rejected	male	e
3348	rejected	male	e
3349	rejected	male	e
3350	rejected	male	e
3351	rejected	male	e
3352	rejected	male	e
3353	rejected	male	e
3354	rejected	male	e
3355	rejected	male	e
3356	rejected	male	e
3357	rejected	male	e
3358	rejected	male	e
3359	rejected	male	e
3360	rejected	male	e
3361	rejected	male	e
3362	rejected	male	e
3363	rejected	male	e
3364	rejected	male	e
3365	rejected	male	e
3366	rejected	male	e
3367	rejected	male	e
3368	rejected	male	e
3369	rejected	male	e
3370	rejected	male	e
3371	rejected	male	e
3372	rejected	male	e
3373	rejected	male	e
3374	rejected	male	e
3375	rejected	male	e
3376	rejected	male	e
3377	rejected	male	e
3378	rejected	male	e
3379	rejected	male	e
3380	rejected	male	e
3381	rejected	male	e
3382	rejected	male	e
3383	rejected	male	e
3384	rejected	male	e
3385	rejected	male	e
3386	rejected	male	e
3387	rejected	male	e
3388	rejected	male	e
3389	rejected	male	e
3390	rejected	male	e
3391	rejected	male	e
3392	rejected	male	e
3393	rejected	male	e
3394	rejected	male	e
3395	rejected	male	e
3396	rejected	male	e
3397	rejected	male	e
3398	rejected	male	e
3399	rejected	male	e
3400	rejected	male	e
3401	rejected	male	e
3402	rejected	male	e
3403	rejected	male	e
3404	rejected	male	e
3405	rejected	male	e
3406	rejected	male	e
3407	rejected	male	e
3408	rejected	male	e
3409	rejected	male	e
3410	rejected	male	e
3411	rejected	male	e
3412	rejected	male	e
3413	rejected	male	e
3414	rejected	male	e
3415	rejected	male	e
3416	rejected	male	e
3417	rejected	male	e
3418	rejected	male	e
3419	rejected	male	e
3420	admitted	female	e
3421	admitted	female	e
3422	admitted	female	e
3423	admitted	female	e
3424	admitted	female	e
3425	admitted	female	e
3426	admitted	female	e
3427	admitted	female	e
3428	admitted	female	e
3429	admitted	female	e
3430	admitted	female	e
3431	admitted	female	e
3432	admitted	female	e
3433	admitted	female	e
3434	admitted	female	e
3435	admitted	female	e
3436	admitted	female	e
3437	admitted	female	e
3438	admitted	female	e
3439	admitted	female	e
3440	admitted	female	e
3441	admitted	female	e
3442	admitted	female	e
3443	admitted	female	e
3444	admitted	female	e
3445	admitted	female	e
3446	admitted	female	e
3447	admitted	female	e
3448	admitted	female	e
3449	admitted	female	e
3450	admitted	female	e
3451	admitted	female	e
3452	admitted	female	e
3453	admitted	female	e
3454	admitted	female	e
3455	admitted	female	e
3456	admitted	female	e
3457	admitted	female	e
3458	admitted	female	e
3459	admitted	female	e
3460	admitted	female	e
3461	admitted	female	e
3462	admitted	female	e
3463	admitted	female	e
3464	admitted	female	e
3465	admitted	female	e
3466	admitted	female	e
3467	admitted	female	e
3468	admitted	female	e
3469	admitted	female	e
3470	admitted	female	e
3471	admitted	female	e
3472	admitted	female	e
3473	admitted	female	e
3474	admitted	female	e
3475	admitted	female	e
3476	admitted	female	e
3477	admitted	female	e
3478	admitted	female	e
3479	admitted	female	e
3480	admitted	female	e
3481	admitted	female	e
3482	admitted	female	e
3483	admitted	female	e
3484	admitted	female	e
3485	admitted	female	e
3486	admitted	female	e
3487	admitted	female	e
3488	admitted	female	e
3489	admitted	female	e
3490	admitted	female	e
3491	admitted	female	e
3492	admitted	female	e
3493	admitted	female	e
3494	admitted	female	e
3495	admitted	female	e
3496	admitted	female	e
3497	admitted	female	e
3498	admitted	female	e
3499	admitted	female	e
3500	admitted	female	e
3501	admitted	female	e
3502	admitted	female	e
3503	admitted	female	e
3504	admitted	female	e
3505	admitted	female	e
3506	admitted	female	e
3507	admitted	female	e
3508	admitted	female	e
3509	admitted	female	e
3510	admitted	female	e
3511	admitted	female	e
3512	admitted	female	e
3513	admitted	female	e
3514	rejected	female	e
3515	rejected	female	e
3516	rejected	female	e
3517	rejected	female	e
3518	rejected	female	e
3519	rejected	female	e
3520	rejected	female	e
3521	rejected	female	e
3522	rejected	female	e
3523	rejected	female	e
3524	rejected	female	e
3525	rejected	female	e
3526	rejected	female	e
3527	rejected	female	e
3528	rejected	female	e
3529	rejected	female	e
3530	rejected	female	e
3531	rejected	female	e
3532	rejected	female	e
3533	rejected	female	e
3534	rejected	female	e
3535	rejected	female	e
3536	rejected	female	e
3537	rejected	female	e
3538	rejected	female	e
3539	rejected	female	e
3540	rejected	female	e
3541	rejected	female	e
3542	rejected	female	e
3543	rejected	female	e
3544	rejected	female	e
3545	rejected	female	e
3546	rejected	female	e
3547	rejected	female	e
3548	rejected	female	e
3549	rejected	female	e
3550	rejected	female	e
3551	rejected	female	e
3552	rejected	female	e
3553	rejected	female	e
3554	rejected	female	e
3555	rejected	female	e
3556	rejected	female	e
3557	rejected	female	e
3558	rejected	female	e
3559	rejected	female	e
3560	rejected	female	e
3561	rejected	female	e
3562	rejected	female	e
3563	rejected	female	e
3564	rejected	female	e
3565	rejected	female	e
3566	rejected	female	e
3567	rejected	female	e
3568	rejected	female	e
3569	rejected	female	e
3570	rejected	female	e
3571	rejected	female	e
3572	rejected	female	e
3573	rejected	female	e
3574	rejected	female	e
3575	rejected	female	e
3576	rejected	female	e
3577	rejected	female	e
3578	rejected	female	e
3579	rejected	female	e
3580	rejected	female	e
3581	rejected	female	e
3582	rejected	female	e
3583	rejected	female	e
3584	rejected	female	e
3585	rejected	female	e
3586	rejected	female	e
3587	rejected	female	e
3588	rejected	female	e
3589	rejected	female	e
3590	rejected	female	e
3591	rejected	female	e
3592	rejected	female	e
3593	rejected	female	e
3594	rejected	female	e
3595	rejected	female	e
3596	rejected	female	e
3597	rejected	female	e
3598	rejected	female	e
3599	rejected	female	e
3600	rejected	female	e
3601	rejected	female	e
3602	rejected	female	e
3603	rejected	female	e
3604	rejected	female	e
3605	rejected	female	e
3606	rejected	female	e
3607	rejected	female	e
3608	rejected	female	e
3609	rejected	female	e
3610	rejected	female	e
3611	rejected	female	e
3612	rejected	female	e
3613	rejected	female	e
3614	rejected	female	e
3615	rejected	female	e
3616	rejected	female	e
3617	rejected	female	e
3618	rejected	female	e
3619	rejected	female	e
3620	rejected	female	e
3621	rejected	female	e
3622	rejected	female	e
3623	rejected	female	e
3624	rejected	female	e
3625	rejected	female	e
3626	rejected	female	e
3627	rejected	female	e
3628	rejected	female	e
3629	rejected	female	e
3630	rejected	female	e
3631	rejected	female	e
3632	rejected	female	e
3633	rejected	female	e
3634	rejected	female	e
3635	rejected	female	e
3636	rejected	female	e
3637	rejected	female	e
3638	rejected	female	e
3639	rejected	female	e
3640	rejected	female	e
3641	rejected	female	e
3642	rejected	female	e
3643	rejected	female	e
3644	rejected	female	e
3645	rejected	female	e
3646	rejected	female	e
3647	rejected	female	e
3648	rejected	female	e
3649	rejected	female	e
3650	rejected	female	e
3651	rejected	female	e
3652	rejected	female	e
3653	rejected	female	e
3654	rejected	female	e
3655	rejected	female	e
3656	rejected	female	e
3657	rejected	female	e
3658	rejected	female	e
3659	rejected	female	e
3660	rejected	female	e
3661	rejected	female	e
3662	rejected	female	e
3663	rejected	female	e
3664	rejected	female	e
3665	rejected	female	e
3666	rejected	female	e
3667	rejected	female	e
3668	rejected	female	e
3669	rejected	female	e
3670	rejected	female	e
3671	rejected	female	e
3672	rejected	female	e
3673	rejected	female	e
3674	rejected	female	e
3675	rejected	female	e
3676	rejected	female	e
3677	rejected	female	e
3678	rejected	female	e
3679	rejected	female	e
3680	rejected	female	e
3681	rejected	female	e
3682	rejected	female	e
3683	rejected	female	e
3684	rejected	female	e
3685	rejected	female	e
3686	rejected	female	e
3687	rejected	female	e
3688	rejected	female	e
3689	rejected	female	e
3690	rejected	female	e
3691	rejected	female	e
3692	rejected	female	e
3693	rejected	female	e
3694	rejected	female	e
3695	rejected	female	e
3696	rejected	female	e
3697	rejected	female	e
3698	rejected	female	e
3699	rejected	female	e
3700	rejected	female	e
3701	rejected	female	e
3702	rejected	female	e
3703	rejected	female	e
3704	rejected	female	e
3705	rejected	female	e
3706	rejected	female	e
3707	rejected	female	e
3708	rejected	female	e
3709	rejected	female	e
3710	rejected	female	e
3711	rejected	female	e
3712	rejected	female	e
3713	rejected	female	e
3714	rejected	female	e
3715	rejected	female	e
3716	rejected	female	e
3717	rejected	female	e
3718	rejected	female	e
3719	rejected	female	e
3720	rejected	female	e
3721	rejected	female	e
3722	rejected	female	e
3723	rejected	female	e
3724	rejected	female	e
3725	rejected	female	e
3726	rejected	female	e
3727	rejected	female	e
3728	rejected	female	e
3729	rejected	female	e
3730	rejected	female	e
3731	rejected	female	e
3732	rejected	female	e
3733	rejected	female	e
3734	rejected	female	e
3735	rejected	female	e
3736	rejected	female	e
3737	rejected	female	e
3738	rejected	female	e
3739	rejected	female	e
3740	rejected	female	e
3741	rejected	female	e
3742	rejected	female	e
3743	rejected	female	e
3744	rejected	female	e
3745	rejected	female	e
3746	rejected	female	e
3747	rejected	female	e
3748	rejected	female	e
3749	rejected	female	e
3750	rejected	female	e
3751	rejected	female	e
3752	rejected	female	e
3753	rejected	female	e
3754	rejected	female	e
3755	rejected	female	e
3756	rejected	female	e
3757	rejected	female	e
3758	rejected	female	e
3759	rejected	female	e
3760	rejected	female	e
3761	rejected	female	e
3762	rejected	female	e
3763	rejected	female	e
3764	rejected	female	e
3765	rejected	female	e
3766	rejected	female	e
3767	rejected	female	e
3768	rejected	female	e
3769	rejected	female	e
3770	rejected	female	e
3771	rejected	female	e
3772	rejected	female	e
3773	rejected	female	e
3774	rejected	female	e
3775	rejected	female	e
3776	rejected	female	e
3777	rejected	female	e
3778	rejected	female	e
3779	rejected	female	e
3780	rejected	female	e
3781	rejected	female	e
3782	rejected	female	e
3783	rejected	female	e
3784	rejected	female	e
3785	rejected	female	e
3786	rejected	female	e
3787	rejected	female	e
3788	rejected	female	e
3789	rejected	female	e
3790	rejected	female	e
3791	rejected	female	e
3792	rejected	female	e
3793	rejected	female	e
3794	rejected	female	e
3795	rejected	female	e
3796	rejected	female	e
3797	rejected	female	e
3798	rejected	female	e
3799	rejected	female	e
3800	rejected	female	e
3801	rejected	female	e
3802	rejected	female	e
3803	rejected	female	e
3804	rejected	female	e
3805	rejected	female	e
3806	rejected	female	e
3807	rejected	female	e
3808	rejected	female	e
3809	rejected	female	e
3810	rejected	female	e
3811	rejected	female	e
3812	rejected	female	e
3813	admitted	male	f
3814	admitted	male	f
3815	admitted	male	f
3816	admitted	male	f
3817	admitted	male	f
3818	admitted	male	f
3819	admitted	male	f
3820	admitted	male	f
3821	admitted	male	f
3822	admitted	male	f
3823	admitted	male	f
3824	admitted	male	f
3825	admitted	male	f
3826	admitted	male	f
3827	admitted	male	f
3828	admitted	male	f
3829	admitted	male	f
3830	admitted	male	f
3831	admitted	male	f
3832	admitted	male	f
3833	admitted	male	f
3834	admitted	male	f
3835	rejected	male	f
3836	rejected	male	f
3837	rejected	male	f
3838	rejected	male	f
3839	rejected	male	f
3840	rejected	male	f
3841	rejected	male	f
3842	rejected	male	f
3843	rejected	male	f
3844	rejected	male	f
3845	rejected	male	f
3846	rejected	male	f
3847	rejected	male	f
3848	rejected	male	f
3849	rejected	male	f
3850	rejected	male	f
3851	rejected	male	f
3852	rejected	male	f
3853	rejected	male	f
3854	rejected	male	f
3855	rejected	male	f
3856	rejected	male	f
3857	rejected	male	f
3858	rejected	male	f
3859	rejected	male	f
3860	rejected	male	f
3861	rejected	male	f
3862	rejected	male	f
3863	rejected	male	f
3864	rejected	male	f
3865	rejected	male	f
3866	rejected	male	f
3867	rejected	male	f
3868	rejected	male	f
3869	rejected	male	f
3870	rejected	male	f
3871	rejected	male	f
3872	rejected	male	f
3873	rejected	male	f
3874	rejected	male	f
3875	rejected	male	f
3876	rejected	male	f
3877	rejected	male	f
3878	rejected	male	f
3879	rejected	male	f
3880	rejected	male	f
3881	rejected	male	f
3882	rejected	male	f
3883	rejected	male	f
3884	rejected	male	f
3885	rejected	male	f
3886	rejected	male	f
3887	rejected	male	f
3888	rejected	male	f
3889	rejected	male	f
3890	rejected	male	f
3891	rejected	male	f
3892	rejected	male	f
3893	rejected	male	f
3894	rejected	male	f
3895	rejected	male	f
3896	rejected	male	f
3897	rejected	male	f
3898	rejected	male	f
3899	rejected	male	f
3900	rejected	male	f
3901	rejected	male	f
3902	rejected	male	f
3903	rejected	male	f
3904	rejected	male	f
3905	rejected	male	f
3906	rejected	male	f
3907	rejected	male	f
3908	rejected	male	f
3909	rejected	male	f
3910	rejected	male	f
3911	rejected	male	f
3912	rejected	male	f
3913	rejected	male	f
3914	rejected	male	f
3915	rejected	male	f
3916	rejected	male	f
3917	rejected	male	f
3918	rejected	male	f
3919	rejected	male	f
3920	rejected	male	f
3921	rejected	male	f
3922	rejected	male	f
3923	rejected	male	f
3924	rejected	male	f
3925	rejected	male	f
3926	rejected	male	f
3927	rejected	male	f
3928	rejected	male	f
3929	rejected	male	f
3930	rejected	male	f
3931	rejected	male	f
3932	rejected	male	f
3933	rejected	male	f
3934	rejected	male	f
3935	rejected	male	f
3936	rejected	male	f
3937	rejected	male	f
3938	rejected	male	f
3939	rejected	male	f
3940	rejected	male	f
3941	rejected	male	f
3942	rejected	male	f
3943	rejected	male	f
3944	rejected	male	f
3945	rejected	male	f
3946	rejected	male	f
3947	rejected	male	f
3948	rejected	male	f
3949	rejected	male	f
3950	rejected	male	f
3951	rejected	male	f
3952	rejected	male	f
3953	rejected	male	f
3954	rejected	male	f
3955	rejected	male	f
3956	rejected	male	f
3957	rejected	male	f
3958	rejected	male	f
3959	rejected	male	f
3960	rejected	male	f
3961	rejected	male	f
3962	rejected	male	f
3963	rejected	male	f
3964	rejected	male	f
3965	rejected	male	f
3966	rejected	male	f
3967	rejected	male	f
3968	rejected	male	f
3969	rejected	male	f
3970	rejected	male	f
3971	rejected	male	f
3972	rejected	male	f
3973	rejected	male	f
3974	rejected	male	f
3975	rejected	male	f
3976	rejected	male	f
3977	rejected	male	f
3978	rejected	male	f
3979	rejected	male	f
3980	rejected	male	f
3981	rejected	male	f
3982	rejected	male	f
3983	rejected	male	f
3984	rejected	male	f
3985	rejected	male	f
3986	rejected	male	f
3987	rejected	male	f
3988	rejected	male	f
3989	rejected	male	f
3990	rejected	male	f
3991	rejected	male	f
3992	rejected	male	f
3993	rejected	male	f
3994	rejected	male	f
3995	rejected	male	f
3996	rejected	male	f
3997	rejected	male	f
3998	rejected	male	f
3999	rejected	male	f
4000	rejected	male	f
4001	rejected	male	f
4002	rejected	male	f
4003	rejected	male	f
4004	rejected	male	f
4005	rejected	male	f
4006	rejected	male	f
4007	rejected	male	f
4008	rejected	male	f
4009	rejected	male	f
4010	rejected	male	f
4011	rejected	male	f
4012	rejected	male	f
4013	rejected	male	f
4014	rejected	male	f
4015	rejected	male	f
4016	rejected	male	f
4017	rejected	male	f
4018	rejected	male	f
4019	rejected	male	f
4020	rejected	male	f
4021	rejected	male	f
4022	rejected	male	f
4023	rejected	male	f
4024	rejected	male	f
4025	rejected	male	f
4026	rejected	male	f
4027	rejected	male	f
4028	rejected	male	f
4029	rejected	male	f
4030	rejected	male	f
4031	rejected	male	f
4032	rejected	male	f
4033	rejected	male	f
4034	rejected	male	f
4035	rejected	male	f
4036	rejected	male	f
4037	rejected	male	f
4038	rejected	male	f
4039	rejected	male	f
4040	rejected	male	f
4041	rejected	male	f
4042	rejected	male	f
4043	rejected	male	f
4044	rejected	male	f
4045	rejected	male	f
4046	rejected	male	f
4047	rejected	male	f
4048	rejected	male	f
4049	rejected	male	f
4050	rejected	male	f
4051	rejected	male	f
4052	rejected	male	f
4053	rejected	male	f
4054	rejected	male	f
4055	rejected	male	f
4056	rejected	male	f
4057	rejected	male	f
4058	rejected	male	f
4059	rejected	male	f
4060	rejected	male	f
4061	rejected	male	f
4062	rejected	male	f
4063	rejected	male	f
4064	rejected	male	f
4065	rejected	male	f
4066	rejected	male	f
4067	rejected	male	f
4068	rejected	male	f
4069	rejected	male	f
4070	rejected	male	f
4071	rejected	male	f
4072	rejected	male	f
4073	rejected	male	f
4074	rejected	male	f
4075	rejected	male	f
4076	rejected	male	f
4077	rejected	male	f
4078	rejected	male	f
4079	rejected	male	f
4080	rejected	male	f
4081	rejected	male	f
4082	rejected	male	f
4083	rejected	male	f
4084	rejected	male	f
4085	rejected	male	f
4086	rejected	male	f
4087	rejected	male	f
4088	rejected	male	f
4089	rejected	male	f
4090	rejected	male	f
4091	rejected	male	f
4092	rejected	male	f
4093	rejected	male	f
4094	rejected	male	f
4095	rejected	male	f
4096	rejected	male	f
4097	rejected	male	f
4098	rejected	male	f
4099	rejected	male	f
4100	rejected	male	f
4101	rejected	male	f
4102	rejected	male	f
4103	rejected	male	f
4104	rejected	male	f
4105	rejected	male	f
4106	rejected	male	f
4107	rejected	male	f
4108	rejected	male	f
4109	rejected	male	f
4110	rejected	male	f
4111	rejected	male	f
4112	rejected	male	f
4113	rejected	male	f
4114	rejected	male	f
4115	rejected	male	f
4116	rejected	male	f
4117	rejected	male	f
4118	rejected	male	f
4119	rejected	male	f
4120	rejected	male	f
4121	rejected	male	f
4122	rejected	male	f
4123	rejected	male	f
4124	rejected	male	f
4125	rejected	male	f
4126	rejected	male	f
4127	rejected	male	f
4128	rejected	male	f
4129	rejected	male	f
4130	rejected	male	f
4131	rejected	male	f
4132	rejected	male	f
4133	rejected	male	f
4134	rejected	male	f
4135	rejected	male	f
4136	rejected	male	f
4137	rejected	male	f
4138	rejected	male	f
4139	rejected	male	f
4140	rejected	male	f
4141	rejected	male	f
4142	rejected	male	f
4143	rejected	male	f
4144	rejected	male	f
4145	rejected	male	f
4146	rejected	male	f
4147	rejected	male	f
4148	rejected	male	f
4149	rejected	male	f
4150	rejected	male	f
4151	rejected	male	f
4152	rejected	male	f
4153	rejected	male	f
4154	rejected	male	f
4155	rejected	male	f
4156	rejected	male	f
4157	rejected	male	f
4158	rejected	male	f
4159	rejected	male	f
4160	rejected	male	f
4161	rejected	male	f
4162	rejected	male	f
4163	rejected	male	f
4164	rejected	male	f
4165	rejected	male	f
4166	rejected	male	f
4167	rejected	male	f
4168	rejected	male	f
4169	rejected	male	f
4170	rejected	male	f
4171	rejected	male	f
4172	rejected	male	f
4173	rejected	male	f
4174	rejected	male	f
4175	rejected	male	f
4176	rejected	male	f
4177	rejected	male	f
4178	rejected	male	f
4179	rejected	male	f
4180	rejected	male	f
4181	rejected	male	f
4182	rejected	male	f
4183	rejected	male	f
4184	rejected	male	f
4185	rejected	male	f
4186	admitted	female	f
4187	admitted	female	f
4188	admitted	female	f
4189	admitted	female	f
4190	admitted	female	f
4191	admitted	female	f
4192	admitted	female	f
4193	admitted	female	f
4194	admitted	female	f
4195	admitted	female	f
4196	admitted	female	f
4197	admitted	female	f
4198	admitted	female	f
4199	admitted	female	f
4200	admitted	female	f
4201	admitted	female	f
4202	admitted	female	f
4203	admitted	female	f
4204	admitted	female	f
4205	admitted	female	f
4206	admitted	female	f
4207	admitted	female	f
4208	admitted	female	f
4209	admitted	female	f
4210	rejected	female	f
4211	rejected	female	f
4212	rejected	female	f
4213	rejected	female	f
4214	rejected	female	f
4215	rejected	female	f
4216	rejected	female	f
4217	rejected	female	f
4218	rejected	female	f
4219	rejected	female	f
4220	rejected	female	f
4221	rejected	female	f
4222	rejected	female	f
4223	rejected	female	f
4224	rejected	female	f
4225	rejected	female	f
4226	rejected	female	f
4227	rejected	female	f
4228	rejected	female	f
4229	rejected	female	f
4230	rejected	female	f
4231	rejected	female	f
4232	rejected	female	f
4233	rejected	female	f
4234	rejected	female	f
4235	rejected	female	f
4236	rejected	female	f
4237	rejected	female	f
4238	rejected	female	f
4239	rejected	female	f
4240	rejected	female	f
4241	rejected	female	f
4242	rejected	female	f
4243	rejected	female	f
4244	rejected	female	f
4245	rejected	female	f
4246	rejected	female	f
4247	rejected	female	f
4248	rejected	female	f
4249	rejected	female	f
4250	rejected	female	f
4251	rejected	female	f
4252	rejected	female	f
4253	rejected	female	f
4254	rejected	female	f
4255	rejected	female	f
4256	rejected	female	f
4257	rejected	female	f
4258	rejected	female	f
4259	rejected	female	f
4260	rejected	female	f
4261	rejected	female	f
4262	rejected	female	f
4263	rejected	female	f
4264	rejected	female	f
4265	rejected	female	f
4266	rejected	female	f
4267	rejected	female	f
4268	rejected	female	f
4269	rejected	female	f
4270	rejected	female	f
4271	rejected	female	f
4272	rejected	female	f
4273	rejected	female	f
4274	rejected	female	f
4275	rejected	female	f
4276	rejected	female	f
4277	rejected	female	f
4278	rejected	female	f
4279	rejected	female	f
4280	rejected	female	f
4281	rejected	female	f
4282	rejected	female	f
4283	rejected	female	f
4284	rejected	female	f
4285	rejected	female	f
4286	rejected	female	f
4287	rejected	female	f
4288	rejected	female	f
4289	rejected	female	f
4290	rejected	female	f
4291	rejected	female	f
4292	rejected	female	f
4293	rejected	female	f
4294	rejected	female	f
4295	rejected	female	f
4296	rejected	female	f
4297	rejected	female	f
4298	rejected	female	f
4299	rejected	female	f
4300	rejected	female	f
4301	rejected	female	f
4302	rejected	female	f
4303	rejected	female	f
4304	rejected	female	f
4305	rejected	female	f
4306	rejected	female	f
4307	rejected	female	f
4308	rejected	female	f
4309	rejected	female	f
4310	rejected	female	f
4311	rejected	female	f
4312	rejected	female	f
4313	rejected	female	f
4314	rejected	female	f
4315	rejected	female	f
4316	rejected	female	f
4317	rejected	female	f
4318	rejected	female	f
4319	rejected	female	f
4320	rejected	female	f
4321	rejected	female	f
4322	rejected	female	f
4323	rejected	female	f
4324	rejected	female	f
4325	rejected	female	f
4326	rejected	female	f
4327	rejected	female	f
4328	rejected	female	f
4329	rejected	female	f
4330	rejected	female	f
4331	rejected	female	f
4332	rejected	female	f
4333	rejected	female	f
4334	rejected	female	f
4335	rejected	female	f
4336	rejected	female	f
4337	rejected	female	f
4338	rejected	female	f
4339	rejected	female	f
4340	rejected	female	f
4341	rejected	female	f
4342	rejected	female	f
4343	rejected	female	f
4344	rejected	female	f
4345	rejected	female	f
4346	rejected	female	f
4347	rejected	female	f
4348	rejected	female	f
4349	rejected	female	f
4350	rejected	female	f
4351	rejected	female	f
4352	rejected	female	f
4353	rejected	female	f
4354	rejected	female	f
4355	rejected	female	f
4356	rejected	female	f
4357	rejected	female	f
4358	rejected	female	f
4359	rejected	female	f
4360	rejected	female	f
4361	rejected	female	f
4362	rejected	female	f
4363	rejected	female	f
4364	rejected	female	f
4365	rejected	female	f
4366	rejected	female	f
4367	rejected	female	f
4368	rejected	female	f
4369	rejected	female	f
4370	rejected	female	f
4371	rejected	female	f
4372	rejected	female	f
4373	rejected	female	f
4374	rejected	female	f
4375	rejected	female	f
4376	rejected	female	f
4377	rejected	female	f
4378	rejected	female	f
4379	rejected	female	f
4380	rejected	female	f
4381	rejected	female	f
4382	rejected	female	f
4383	rejected	female	f
4384	rejected	female	f
4385	rejected	female	f
4386	rejected	female	f
4387	rejected	female	f
4388	rejected	female	f
4389	rejected	female	f
4390	rejected	female	f
4391	rejected	female	f
4392	rejected	female	f
4393	rejected	female	f
4394	rejected	female	f
4395	rejected	female	f
4396	rejected	female	f
4397	rejected	female	f
4398	rejected	female	f
4399	rejected	female	f
4400	rejected	female	f
4401	rejected	female	f
4402	rejected	female	f
4403	rejected	female	f
4404	rejected	female	f
4405	rejected	female	f
4406	rejected	female	f
4407	rejected	female	f
4408	rejected	female	f
4409	rejected	female	f
4410	rejected	female	f
4411	rejected	female	f
4412	rejected	female	f
4413	rejected	female	f
4414	rejected	female	f
4415	rejected	female	f
4416	rejected	female	f
4417	rejected	female	f
4418	rejected	female	f
4419	rejected	female	f
4420	rejected	female	f
4421	rejected	female	f
4422	rejected	female	f
4423	rejected	female	f
4424	rejected	female	f
4425	rejected	female	f
4426	rejected	female	f
4427	rejected	female	f
4428	rejected	female	f
4429	rejected	female	f
4430	rejected	female	f
4431	rejected	female	f
4432	rejected	female	f
4433	rejected	female	f
4434	rejected	female	f
4435	rejected	female	f
4436	rejected	female	f
4437	rejected	female	f
4438	rejected	female	f
4439	rejected	female	f
4440	rejected	female	f
4441	rejected	female	f
4442	rejected	female	f
4443	rejected	female	f
4444	rejected	female	f
4445	rejected	female	f
4446	rejected	female	f
4447	rejected	female	f
4448	rejected	female	f
4449	rejected	female	f
4450	rejected	female	f
4451	rejected	female	f
4452	rejected	female	f
4453	rejected	female	f
4454	rejected	female	f
4455	rejected	female	f
4456	rejected	female	f
4457	rejected	female	f
4458	rejected	female	f
4459	rejected	female	f
4460	rejected	female	f
4461	rejected	female	f
4462	rejected	female	f
4463	rejected	female	f
4464	rejected	female	f
4465	rejected	female	f
4466	rejected	female	f
4467	rejected	female	f
4468	rejected	female	f
4469	rejected	female	f
4470	rejected	female	f
4471	rejected	female	f
4472	rejected	female	f
4473	rejected	female	f
4474	rejected	female	f
4475	rejected	female	f
4476	rejected	female	f
4477	rejected	female	f
4478	rejected	female	f
4479	rejected	female	f
4480	rejected	female	f
4481	rejected	female	f
4482	rejected	female	f
4483	rejected	female	f
4484	rejected	female	f
4485	rejected	female	f
4486	rejected	female	f
4487	rejected	female	f
4488	rejected	female	f
4489	rejected	female	f
4490	rejected	female	f
4491	rejected	female	f
4492	rejected	female	f
4493	rejected	female	f
4494	rejected	female	f
4495	rejected	female	f
4496	rejected	female	f
4497	rejected	female	f
4498	rejected	female	f
4499	rejected	female	f
4500	rejected	female	f
4501	rejected	female	f
4502	rejected	female	f
4503	rejected	female	f
4504	rejected	female	f
4505	rejected	female	f
4506	rejected	female	f
4507	rejected	female	f
4508	rejected	female	f
4509	rejected	female	f
4510	rejected	female	f
4511	rejected	female	f
4512	rejected	female	f
4513	rejected	female	f
4514	rejected	female	f
4515	rejected	female	f
4516	rejected	female	f
4517	rejected	female	f
4518	rejected	female	f
4519	rejected	female	f
4520	rejected	female	f
4521	rejected	female	f
4522	rejected	female	f
4523	rejected	female	f
4524	rejected	female	f
4525	rejected	female	f
4526	rejected	female	f
